wall_time_iso,ros_time_s,experiment_id,lighting,scenario,ground_truth_m,notes,person_z_m,person_detected,depth_valid,in_zone,depth_status_text,safety_state_text,safety_level,state_changed,det_count,closest_det_conf,closest_bbox_cx,closest_bbox_cy,closest_bbox_w,closest_bbox_h
2026-04-21T15:33:49.591,1776774829.591008,angles_and_walking,normal,moving,,recording_02,-1.0000,0,0,0,detected=False | in_zone=False | depth_valid=False | z=invalid | valid=0/0 | roi_mode=full,,0,0,0,0.0000,-1.00,-1.00,-1.00,-1.00
2026-04-21T15:33:49.690,1776774829.690204,angles_and_walking,normal,moving,,recording_02,-1.0000,0,0,0,detected=False | in_zone=False | depth_valid=False | z=invalid | valid=0/0 | roi_mode=full,,0,0,0,0.0000,-1.00,-1.00,-1.00,-1.00
2026-04-21T15:33:49.789,1776774829.788996,angles_and_walking,normal,moving,,recording_02,-1.0000,0,0,0,detected=False | in_zone=False | depth_valid=False | z=invalid | valid=0/0 | roi_mode=full,,0,0,0,0.0000,-1.00,-1.00,-1.00,-1.00
2026-04-21T15:33:49.889,1776774829.889120,angles_and_walking,normal,moving,,recording_02,-1.0000,0,0,0,detected=False | in_zone=False | depth_valid=False | z=invalid | valid=0/0 | roi_mode=full,,0,0,0,0.0000,-1.00,-1.00,-1.00,-1.00
2026-04-21T15:33:49.991,1776774829.991374,angles_and_walking,normal,moving,,recording_02,-1.0000,0,0,0,detected=False | in_zone=False | depth_valid=False | z=invalid | valid=0/0 | roi_mode=full,,0,0,0,0.0000,-1.00,-1.00,-1.00,-1.00
2026-04-21T15:33:50.089,1776774830.089355,angles_and_walking,normal,moving,,recording_02,-1.0000,0,0,0,detected=False | in_zone=False | depth_valid=False | z=invalid | valid=0/0 | roi_mode=full,,0,0,0,0.0000,-1.00,-1.00,-1.00,-1.00
2026-04-21T15:33:50.189,1776774830.189366,angles_and_walking,normal,moving,,recording_02,-1.0000,0,0,0,detected=False | in_zone=False | depth_valid=False | z=invalid | valid=0/0 | roi_mode=full,,0,0,0,0.0000,-1.00,-1.00,-1.00,-1.00
2026-04-21T15:33:50.289,1776774830.289581,angles_and_walking,normal,moving,,recording_02,-1.0000,0,0,0,detected=False | in_zone=False | depth_valid=False | z=invalid | valid=0/0 | roi_mode=full,,0,0,0,0.0000,-1.00,-1.00,-1.00,-1.00
2026-04-21T15:33:50.394,1776774830.393311,angles_and_walking,normal,moving,,recording_02,-1.0000,0,0,0,detected=False | in_zone=False | depth_valid=False | z=invalid | valid=0/0 | roi_mode=full,,0,0,0,0.0000,-1.00,-1.00,-1.00,-1.00
2026-04-21T15:33:50.491,1776774830.491180,angles_and_walking,normal,moving,,recording_02,-1.0000,0,0,0,detected=False | in_zone=False | depth_valid=False | z=invalid | valid=0/0 | roi_mode=full,,0,0,0,0.0000,-1.00,-1.00,-1.00,-1.00
2026-04-21T15:33:50.601,1776774830.601866,angles_and_walking,normal,moving,,recording_02,-1.0000,0,0,0,detected=False | in_zone=False | depth_valid=False | z=invalid | valid=0/0 | roi_mode=full,,0,0,0,0.0000,-1.00,-1.00,-1.00,-1.00
2026-04-21T15:33:50.691,1776774830.691637,angles_and_walking,normal,moving,,recording_02,-1.0000,0,0,0,detected=False | in_zone=False | depth_valid=False | z=invalid | valid=0/0 | roi_mode=full,,0,0,0,0.0000,-1.00,-1.00,-1.00,-1.00
2026-04-21T15:33:50.790,1776774830.790790,angles_and_walking,normal,moving,,recording_02,-1.0000,0,0,0,detected=False | in_zone=False | depth_valid=False | z=invalid | valid=0/0 | roi_mode=full,,0,0,0,0.0000,-1.00,-1.00,-1.00,-1.00
2026-04-21T15:33:50.892,1776774830.892676,angles_and_walking,normal,moving,,recording_02,-1.0000,0,0,0,detected=False | in_zone=False | depth_valid=False | z=invalid | valid=0/0 | roi_mode=full,,0,0,0,0.0000,-1.00,-1.00,-1.00,-1.00
2026-04-21T15:33:50.989,1776774830.989142,angles_and_walking,normal,moving,,recording_02,-1.0000,0,0,0,detected=False | in_zone=False | depth_valid=False | z=invalid | valid=0/0 | roi_mode=full,,0,0,0,0.0000,-1.00,-1.00,-1.00,-1.00
2026-04-21T15:33:51.089,1776774831.089883,angles_and_walking,normal,moving,,recording_02,-1.0000,0,0,0,detected=False | in_zone=False | depth_valid=False | z=invalid | valid=0/0 | roi_mode=full,,0,0,0,0.0000,-1.00,-1.00,-1.00,-1.00
2026-04-21T15:33:51.193,1776774831.193511,angles_and_walking,normal,moving,,recording_02,-1.0000,0,0,0,detected=False | in_zone=False | depth_valid=False | z=invalid | valid=0/0 | roi_mode=full,,0,0,0,0.0000,-1.00,-1.00,-1.00,-1.00
2026-04-21T15:33:51.294,1776774831.294486,angles_and_walking,normal,moving,,recording_02,-1.0000,0,0,0,detected=False | in_zone=False | depth_valid=False | z=invalid | valid=0/0 | roi_mode=full,,0,0,0,0.0000,-1.00,-1.00,-1.00,-1.00
2026-04-21T15:33:51.389,1776774831.389080,angles_and_walking,normal,moving,,recording_02,-1.0000,0,0,0,detected=False | in_zone=False | depth_valid=False | z=invalid | valid=0/0 | roi_mode=full,,0,0,0,0.0000,-1.00,-1.00,-1.00,-1.00
2026-04-21T15:33:51.491,1776774831.491245,angles_and_walking,normal,moving,,recording_02,-1.0000,0,0,0,detected=False | in_zone=False | depth_valid=False | z=invalid | valid=0/0 | roi_mode=full,SAFE (z=invalid),0,0,0,0.0000,-1.00,-1.00,-1.00,-1.00
2026-04-21T15:33:51.591,1776774831.591338,angles_and_walking,normal,moving,,recording_02,-1.0000,0,0,0,detected=False | in_zone=False | depth_valid=False | z=invalid | valid=0/0 | roi_mode=full,SAFE (z=invalid),0,0,0,0.0000,-1.00,-1.00,-1.00,-1.00
2026-04-21T15:33:51.695,1776774831.694953,angles_and_walking,normal,moving,,recording_02,-1.0000,0,0,0,detected=False | in_zone=False | depth_valid=False | z=invalid | valid=0/0 | roi_mode=full,SAFE (z=invalid),0,0,0,0.0000,-1.00,-1.00,-1.00,-1.00
2026-04-21T15:33:51.790,1776774831.790298,angles_and_walking,normal,moving,,recording_02,-1.0000,0,0,0,detected=False | in_zone=False | depth_valid=False | z=invalid | valid=0/0 | roi_mode=full,SAFE (z=invalid),0,0,0,0.0000,-1.00,-1.00,-1.00,-1.00
2026-04-21T15:33:51.889,1776774831.889338,angles_and_walking,normal,moving,,recording_02,-1.0000,0,0,0,detected=False | in_zone=False | depth_valid=False | z=invalid | valid=0/0 | roi_mode=full,SAFE (z=invalid),0,0,0,0.0000,-1.00,-1.00,-1.00,-1.00
2026-04-21T15:33:51.990,1776774831.990056,angles_and_walking,normal,moving,,recording_02,-1.0000,0,0,0,detected=False | in_zone=False | depth_valid=False | z=invalid | valid=0/0 | roi_mode=full,SAFE (z=invalid),0,0,0,0.0000,-1.00,-1.00,-1.00,-1.00
2026-04-21T15:33:52.089,1776774832.089189,angles_and_walking,normal,moving,,recording_02,-1.0000,0,0,0,detected=False | in_zone=False | depth_valid=False | z=invalid | valid=0/0 | roi_mode=full,SAFE (z=invalid),0,0,0,0.0000,-1.00,-1.00,-1.00,-1.00
2026-04-21T15:33:52.191,1776774832.191136,angles_and_walking,normal,moving,,recording_02,-1.0000,0,0,0,detected=False | in_zone=False | depth_valid=False | z=invalid | valid=0/0 | roi_mode=full,SAFE (z=invalid),0,0,0,0.0000,-1.00,-1.00,-1.00,-1.00
2026-04-21T15:33:52.291,1776774832.291850,angles_and_walking,normal,moving,,recording_02,-1.0000,0,0,0,detected=False | in_zone=False | depth_valid=False | z=invalid | valid=0/0 | roi_mode=full,SAFE (z=invalid),0,0,0,0.0000,-1.00,-1.00,-1.00,-1.00
2026-04-21T15:33:52.389,1776774832.389418,angles_and_walking,normal,moving,,recording_02,-1.0000,0,0,0,detected=False | in_zone=False | depth_valid=False | z=invalid | valid=0/0 | roi_mode=full,SAFE (z=invalid),0,0,0,0.0000,-1.00,-1.00,-1.00,-1.00
2026-04-21T15:33:52.499,1776774832.499677,angles_and_walking,normal,moving,,recording_02,-1.0000,0,0,0,detected=False | in_zone=False | depth_valid=False | z=invalid | valid=0/0 | roi_mode=full,SAFE (z=invalid),0,0,0,0.0000,-1.00,-1.00,-1.00,-1.00
2026-04-21T15:33:52.589,1776774832.589263,angles_and_walking,normal,moving,,recording_02,-1.0000,0,0,0,detected=False | in_zone=False | depth_valid=False | z=invalid | valid=0/0 | roi_mode=full,SAFE (z=invalid),0,0,0,0.0000,-1.00,-1.00,-1.00,-1.00
2026-04-21T15:33:52.691,1776774832.691183,angles_and_walking,normal,moving,,recording_02,-1.0000,0,0,0,detected=False | in_zone=False | depth_valid=False | z=invalid | valid=0/0 | roi_mode=full,SAFE (z=invalid),0,0,0,0.0000,-1.00,-1.00,-1.00,-1.00
2026-04-21T15:33:52.794,1776774832.794010,angles_and_walking,normal,moving,,recording_02,-1.0000,0,0,0,detected=False | in_zone=False | depth_valid=False | z=invalid | valid=0/0 | roi_mode=full,SAFE (z=invalid),0,0,0,0.0000,-1.00,-1.00,-1.00,-1.00
2026-04-21T15:33:52.890,1776774832.890009,angles_and_walking,normal,moving,,recording_02,-1.0000,0,0,0,detected=False | in_zone=False | depth_valid=False | z=invalid | valid=0/0 | roi_mode=full,SAFE (z=invalid),0,0,0,0.0000,-1.00,-1.00,-1.00,-1.00
2026-04-21T15:33:52.989,1776774832.989617,angles_and_walking,normal,moving,,recording_02,-1.0000,0,0,0,detected=False | in_zone=False | depth_valid=False | z=invalid | valid=0/0 | roi_mode=full,SAFE (z=invalid),0,0,0,0.0000,-1.00,-1.00,-1.00,-1.00
2026-04-21T15:33:53.089,1776774833.089392,angles_and_walking,normal,moving,,recording_02,-1.0000,0,0,0,detected=False | in_zone=False | depth_valid=False | z=invalid | valid=0/0 | roi_mode=full,SAFE (z=invalid),0,0,0,0.0000,-1.00,-1.00,-1.00,-1.00
2026-04-21T15:33:53.193,1776774833.193060,angles_and_walking,normal,moving,,recording_02,-1.0000,0,0,0,detected=False | in_zone=False | depth_valid=False | z=invalid | valid=0/0 | roi_mode=full,SAFE (z=invalid),0,0,0,0.0000,-1.00,-1.00,-1.00,-1.00
2026-04-21T15:33:53.291,1776774833.290179,angles_and_walking,normal,moving,,recording_02,-1.0000,0,0,0,detected=False | in_zone=False | depth_valid=False | z=invalid | valid=0/0 | roi_mode=full,SAFE (z=invalid),0,0,0,0.0000,-1.00,-1.00,-1.00,-1.00
2026-04-21T15:33:53.391,1776774833.391426,angles_and_walking,normal,moving,,recording_02,-1.0000,0,0,0,detected=False | in_zone=False | depth_valid=False | z=invalid | valid=0/0 | roi_mode=full,SAFE (z=invalid),0,0,0,0.0000,-1.00,-1.00,-1.00,-1.00
2026-04-21T15:33:53.493,1776774833.493542,angles_and_walking,normal,moving,,recording_02,-1.0000,0,0,0,detected=False | in_zone=False | depth_valid=False | z=invalid | valid=0/0 | roi_mode=full,SAFE (z=invalid),0,0,0,0.0000,-1.00,-1.00,-1.00,-1.00
2026-04-21T15:33:53.589,1776774833.589156,angles_and_walking,normal,moving,,recording_02,-1.0000,0,0,0,detected=False | in_zone=False | depth_valid=False | z=invalid | valid=0/0 | roi_mode=full,SAFE (z=invalid),0,0,0,0.0000,-1.00,-1.00,-1.00,-1.00
2026-04-21T15:33:53.690,1776774833.690100,angles_and_walking,normal,moving,,recording_02,-1.0000,0,0,0,detected=False | in_zone=False | depth_valid=False | z=invalid | valid=0/0 | roi_mode=full,SAFE (z=invalid),0,0,0,0.0000,-1.00,-1.00,-1.00,-1.00
2026-04-21T15:33:53.789,1776774833.789325,angles_and_walking,normal,moving,,recording_02,-1.0000,0,0,0,detected=False | in_zone=False | depth_valid=False | z=invalid | valid=0/0 | roi_mode=full,SAFE (z=invalid),0,0,0,0.0000,-1.00,-1.00,-1.00,-1.00
2026-04-21T15:33:53.889,1776774833.889417,angles_and_walking,normal,moving,,recording_02,-1.0000,0,0,0,detected=False | in_zone=False | depth_valid=False | z=invalid | valid=0/0 | roi_mode=full,SAFE (z=invalid),0,0,0,0.0000,-1.00,-1.00,-1.00,-1.00
2026-04-21T15:33:53.992,1776774833.992233,angles_and_walking,normal,moving,,recording_02,-1.0000,0,0,0,detected=False | in_zone=False | depth_valid=False | z=invalid | valid=0/0 | roi_mode=full,SAFE (z=invalid),0,0,0,0.0000,-1.00,-1.00,-1.00,-1.00
2026-04-21T15:33:54.089,1776774834.089124,angles_and_walking,normal,moving,,recording_02,-1.0000,0,0,0,detected=False | in_zone=False | depth_valid=False | z=invalid | valid=0/0 | roi_mode=full,SAFE (z=invalid),0,0,0,0.0000,-1.00,-1.00,-1.00,-1.00
2026-04-21T15:33:54.192,1776774834.191984,angles_and_walking,normal,moving,,recording_02,-1.0000,0,0,0,detected=False | in_zone=False | depth_valid=False | z=invalid | valid=0/0 | roi_mode=full,SAFE (z=invalid),0,0,0,0.0000,-1.00,-1.00,-1.00,-1.00
2026-04-21T15:33:54.290,1776774834.290449,angles_and_walking,normal,moving,,recording_02,-1.0000,0,0,0,detected=False | in_zone=False | depth_valid=False | z=invalid | valid=0/0 | roi_mode=full,SAFE (z=invalid),0,0,0,0.0000,-1.00,-1.00,-1.00,-1.00
2026-04-21T15:33:54.389,1776774834.389084,angles_and_walking,normal,moving,,recording_02,-1.0000,0,0,0,detected=False | in_zone=False | depth_valid=False | z=invalid | valid=0/0 | roi_mode=full,SAFE (z=invalid),0,0,0,0.0000,-1.00,-1.00,-1.00,-1.00
2026-04-21T15:33:54.489,1776774834.489529,angles_and_walking,normal,moving,,recording_02,-1.0000,0,0,0,detected=False | in_zone=False | depth_valid=False | z=invalid | valid=0/0 | roi_mode=full,SAFE (z=invalid),0,0,0,0.0000,-1.00,-1.00,-1.00,-1.00
2026-04-21T15:33:54.589,1776774834.589897,angles_and_walking,normal,moving,,recording_02,-1.0000,0,0,0,detected=False | in_zone=False | depth_valid=False | z=invalid | valid=0/0 | roi_mode=full,SAFE (z=invalid),0,0,0,0.0000,-1.00,-1.00,-1.00,-1.00
2026-04-21T15:33:54.689,1776774834.689668,angles_and_walking,normal,moving,,recording_02,-1.0000,0,0,0,detected=False | in_zone=False | depth_valid=False | z=invalid | valid=0/0 | roi_mode=full,SAFE (z=invalid),0,0,0,0.0000,-1.00,-1.00,-1.00,-1.00
2026-04-21T15:33:54.789,1776774834.789331,angles_and_walking,normal,moving,,recording_02,-1.0000,0,0,0,detected=False | in_zone=False | depth_valid=False | z=invalid | valid=0/0 | roi_mode=full,SAFE (z=invalid),0,0,0,0.0000,-1.00,-1.00,-1.00,-1.00
2026-04-21T15:33:54.889,1776774834.889542,angles_and_walking,normal,moving,,recording_02,-1.0000,0,0,0,detected=False | in_zone=False | depth_valid=False | z=invalid | valid=0/0 | roi_mode=full,SAFE (z=invalid),0,0,0,0.0000,-1.00,-1.00,-1.00,-1.00
2026-04-21T15:33:54.989,1776774834.989590,angles_and_walking,normal,moving,,recording_02,-1.0000,0,0,0,detected=False | in_zone=False | depth_valid=False | z=invalid | valid=0/0 | roi_mode=full,SAFE (z=invalid),0,0,0,0.0000,-1.00,-1.00,-1.00,-1.00
2026-04-21T15:33:55.089,1776774835.089051,angles_and_walking,normal,moving,,recording_02,-1.0000,0,0,0,detected=False | in_zone=False | depth_valid=False | z=invalid | valid=0/0 | roi_mode=full,SAFE (z=invalid),0,0,0,0.0000,-1.00,-1.00,-1.00,-1.00
2026-04-21T15:33:55.189,1776774835.189103,angles_and_walking,normal,moving,,recording_02,-1.0000,0,0,0,detected=False | in_zone=False | depth_valid=False | z=invalid | valid=0/0 | roi_mode=full,SAFE (z=invalid),0,0,0,0.0000,-1.00,-1.00,-1.00,-1.00
2026-04-21T15:33:55.289,1776774835.289370,angles_and_walking,normal,moving,,recording_02,-1.0000,0,0,0,detected=False | in_zone=False | depth_valid=False | z=invalid | valid=0/0 | roi_mode=full,SAFE (z=invalid),0,0,0,0.0000,-1.00,-1.00,-1.00,-1.00
2026-04-21T15:33:55.391,1776774835.391593,angles_and_walking,normal,moving,,recording_02,-1.0000,0,0,0,detected=False | in_zone=False | depth_valid=False | z=invalid | valid=0/0 | roi_mode=full,SAFE (z=invalid),0,0,0,0.0000,-1.00,-1.00,-1.00,-1.00
2026-04-21T15:33:55.489,1776774835.489514,angles_and_walking,normal,moving,,recording_02,-1.0000,0,0,0,detected=False | in_zone=False | depth_valid=False | z=invalid | valid=0/0 | roi_mode=full,SAFE (z=invalid),0,0,0,0.0000,-1.00,-1.00,-1.00,-1.00
2026-04-21T15:33:55.602,1776774835.602527,angles_and_walking,normal,moving,,recording_02,-1.0000,0,0,0,detected=False | in_zone=False | depth_valid=False | z=invalid | valid=0/0 | roi_mode=full,SAFE (z=invalid),0,0,0,0.0000,-1.00,-1.00,-1.00,-1.00
2026-04-21T15:33:55.689,1776774835.689346,angles_and_walking,normal,moving,,recording_02,-1.0000,0,0,0,detected=False | in_zone=False | depth_valid=False | z=invalid | valid=0/0 | roi_mode=full,SAFE (z=invalid),0,0,0,0.0000,-1.00,-1.00,-1.00,-1.00
2026-04-21T15:33:55.789,1776774835.789798,angles_and_walking,normal,moving,,recording_02,-1.0000,0,0,0,detected=False | in_zone=False | depth_valid=False | z=invalid | valid=0/0 | roi_mode=full,SAFE (z=invalid),0,0,0,0.0000,-1.00,-1.00,-1.00,-1.00
2026-04-21T15:33:55.890,1776774835.890566,angles_and_walking,normal,moving,,recording_02,-1.0000,0,0,0,detected=False | in_zone=False | depth_valid=False | z=invalid | valid=0/0 | roi_mode=full,SAFE (z=invalid),0,0,0,0.0000,-1.00,-1.00,-1.00,-1.00
2026-04-21T15:33:55.989,1776774835.989778,angles_and_walking,normal,moving,,recording_02,-1.0000,0,0,0,detected=False | in_zone=False | depth_valid=False | z=invalid | valid=0/0 | roi_mode=full,SAFE (z=invalid),0,0,0,0.0000,-1.00,-1.00,-1.00,-1.00
2026-04-21T15:33:56.089,1776774836.089309,angles_and_walking,normal,moving,,recording_02,-1.0000,0,0,0,detected=False | in_zone=False | depth_valid=False | z=invalid | valid=0/0 | roi_mode=full,SAFE (z=invalid),0,0,0,0.0000,-1.00,-1.00,-1.00,-1.00
2026-04-21T15:33:56.191,1776774836.191484,angles_and_walking,normal,moving,,recording_02,-1.0000,0,0,0,detected=False | in_zone=False | depth_valid=False | z=invalid | valid=0/0 | roi_mode=full,SAFE (z=invalid),0,0,0,0.0000,-1.00,-1.00,-1.00,-1.00
2026-04-21T15:33:56.289,1776774836.289483,angles_and_walking,normal,moving,,recording_02,-1.0000,0,0,0,detected=False | in_zone=False | depth_valid=False | z=invalid | valid=0/0 | roi_mode=full,SAFE (z=invalid),0,0,0,0.0000,-1.00,-1.00,-1.00,-1.00
2026-04-21T15:33:56.389,1776774836.389615,angles_and_walking,normal,moving,,recording_02,-1.0000,0,0,0,detected=False | in_zone=False | depth_valid=False | z=invalid | valid=0/0 | roi_mode=full,SAFE (z=invalid),0,0,0,0.0000,-1.00,-1.00,-1.00,-1.00
2026-04-21T15:33:56.489,1776774836.489018,angles_and_walking,normal,moving,,recording_02,-1.0000,0,0,0,detected=False | in_zone=False | depth_valid=False | z=invalid | valid=0/0 | roi_mode=full,SAFE (z=invalid),0,0,0,0.0000,-1.00,-1.00,-1.00,-1.00
2026-04-21T15:33:56.589,1776774836.589060,angles_and_walking,normal,moving,,recording_02,-1.0000,0,0,0,detected=False | in_zone=False | depth_valid=False | z=invalid | valid=0/0 | roi_mode=full,SAFE (z=invalid),0,0,0,0.0000,-1.00,-1.00,-1.00,-1.00
2026-04-21T15:33:56.689,1776774836.689350,angles_and_walking,normal,moving,,recording_02,-1.0000,0,0,0,detected=False | in_zone=False | depth_valid=False | z=invalid | valid=0/0 | roi_mode=full,SAFE (z=invalid),0,0,0,0.0000,-1.00,-1.00,-1.00,-1.00
2026-04-21T15:33:56.789,1776774836.789217,angles_and_walking,normal,moving,,recording_02,-1.0000,0,0,0,detected=False | in_zone=False | depth_valid=False | z=invalid | valid=0/0 | roi_mode=full,SAFE (z=invalid),0,0,0,0.0000,-1.00,-1.00,-1.00,-1.00
2026-04-21T15:33:56.891,1776774836.891578,angles_and_walking,normal,moving,,recording_02,-1.0000,0,0,0,detected=False | in_zone=False | depth_valid=False | z=invalid | valid=0/0 | roi_mode=full,SAFE (z=invalid),0,0,0,0.0000,-1.00,-1.00,-1.00,-1.00
2026-04-21T15:33:56.990,1776774836.990126,angles_and_walking,normal,moving,,recording_02,-1.0000,0,0,0,detected=False | in_zone=False | depth_valid=False | z=invalid | valid=0/0 | roi_mode=full,SAFE (z=invalid),0,0,0,0.0000,-1.00,-1.00,-1.00,-1.00
2026-04-21T15:33:57.089,1776774837.089052,angles_and_walking,normal,moving,,recording_02,-1.0000,0,0,0,detected=False | in_zone=False | depth_valid=False | z=invalid | valid=0/0 | roi_mode=full,SAFE (z=invalid),0,0,0,0.0000,-1.00,-1.00,-1.00,-1.00
2026-04-21T15:33:57.189,1776774837.189488,angles_and_walking,normal,moving,,recording_02,-1.0000,0,0,0,detected=False | in_zone=False | depth_valid=False | z=invalid | valid=0/0 | roi_mode=full,SAFE (z=invalid),0,0,0,0.0000,-1.00,-1.00,-1.00,-1.00
2026-04-21T15:33:57.290,1776774837.290463,angles_and_walking,normal,moving,,recording_02,-1.0000,0,0,0,detected=False | in_zone=False | depth_valid=False | z=invalid | valid=0/0 | roi_mode=full,SAFE (z=invalid),0,0,0,0.0000,-1.00,-1.00,-1.00,-1.00
2026-04-21T15:33:57.391,1776774837.391839,angles_and_walking,normal,moving,,recording_02,-1.0000,0,0,0,detected=False | in_zone=False | depth_valid=False | z=invalid | valid=0/0 | roi_mode=full,SAFE (z=invalid),0,0,0,0.0000,-1.00,-1.00,-1.00,-1.00
2026-04-21T15:33:57.489,1776774837.489414,angles_and_walking,normal,moving,,recording_02,-1.0000,0,0,0,detected=False | in_zone=False | depth_valid=False | z=invalid | valid=0/0 | roi_mode=full,SAFE (z=invalid),0,0,0,0.0000,-1.00,-1.00,-1.00,-1.00
2026-04-21T15:33:57.589,1776774837.589093,angles_and_walking,normal,moving,,recording_02,-1.0000,0,0,0,detected=False | in_zone=False | depth_valid=False | z=invalid | valid=0/0 | roi_mode=full,SAFE (z=invalid),0,0,0,0.0000,-1.00,-1.00,-1.00,-1.00
2026-04-21T15:33:57.689,1776774837.689360,angles_and_walking,normal,moving,,recording_02,-1.0000,0,0,0,detected=False | in_zone=False | depth_valid=False | z=invalid | valid=0/0 | roi_mode=full,SAFE (z=invalid),0,0,0,0.0000,-1.00,-1.00,-1.00,-1.00
2026-04-21T15:33:57.792,1776774837.791981,angles_and_walking,normal,moving,,recording_02,-1.0000,0,0,0,detected=False | in_zone=False | depth_valid=False | z=invalid | valid=0/0 | roi_mode=full,SAFE (z=invalid),0,0,0,0.0000,-1.00,-1.00,-1.00,-1.00
2026-04-21T15:33:57.890,1776774837.890874,angles_and_walking,normal,moving,,recording_02,-1.0000,0,0,0,detected=False | in_zone=False | depth_valid=False | z=invalid | valid=0/0 | roi_mode=full,SAFE (z=invalid),0,0,0,0.0000,-1.00,-1.00,-1.00,-1.00
2026-04-21T15:33:57.989,1776774837.989794,angles_and_walking,normal,moving,,recording_02,-1.0000,0,0,0,detected=False | in_zone=False | depth_valid=False | z=invalid | valid=0/0 | roi_mode=full,SAFE (z=invalid),0,0,0,0.0000,-1.00,-1.00,-1.00,-1.00
2026-04-21T15:33:58.093,1776774838.093093,angles_and_walking,normal,moving,,recording_02,-1.0000,0,0,0,detected=False | in_zone=False | depth_valid=False | z=invalid | valid=0/0 | roi_mode=full,SAFE (z=invalid),0,0,0,0.0000,-1.00,-1.00,-1.00,-1.00
2026-04-21T15:33:58.192,1776774838.192059,angles_and_walking,normal,moving,,recording_02,-1.0000,0,0,0,detected=False | in_zone=False | depth_valid=False | z=invalid | valid=0/0 | roi_mode=full,SAFE (z=invalid),0,0,0,0.0000,-1.00,-1.00,-1.00,-1.00
2026-04-21T15:33:58.289,1776774838.289800,angles_and_walking,normal,moving,,recording_02,-1.0000,0,0,0,detected=False | in_zone=False | depth_valid=False | z=invalid | valid=0/0 | roi_mode=full,SAFE (z=invalid),0,0,0,0.0000,-1.00,-1.00,-1.00,-1.00
2026-04-21T15:33:58.390,1776774838.390887,angles_and_walking,normal,moving,,recording_02,-1.0000,0,0,0,detected=False | in_zone=False | depth_valid=False | z=invalid | valid=0/0 | roi_mode=full,SAFE (z=invalid),0,0,0,0.0000,-1.00,-1.00,-1.00,-1.00
2026-04-21T15:33:58.492,1776774838.492037,angles_and_walking,normal,moving,,recording_02,-1.0000,0,0,0,detected=False | in_zone=False | depth_valid=False | z=invalid | valid=0/0 | roi_mode=full,SAFE (z=invalid),0,0,0,0.0000,-1.00,-1.00,-1.00,-1.00
2026-04-21T15:33:58.604,1776774838.604099,angles_and_walking,normal,moving,,recording_02,-1.0000,0,0,0,detected=False | in_zone=False | depth_valid=False | z=invalid | valid=0/0 | roi_mode=full,SAFE (z=invalid),0,0,0,0.0000,-1.00,-1.00,-1.00,-1.00
2026-04-21T15:33:58.690,1776774838.690424,angles_and_walking,normal,moving,,recording_02,-1.0000,0,0,0,detected=False | in_zone=False | depth_valid=False | z=invalid | valid=0/0 | roi_mode=full,SAFE (z=invalid),0,0,0,0.0000,-1.00,-1.00,-1.00,-1.00
2026-04-21T15:33:58.792,1776774838.792150,angles_and_walking,normal,moving,,recording_02,-1.0000,0,0,0,detected=False | in_zone=False | depth_valid=False | z=invalid | valid=0/0 | roi_mode=full,SAFE (z=invalid),0,0,0,0.0000,-1.00,-1.00,-1.00,-1.00
2026-04-21T15:33:58.889,1776774838.889052,angles_and_walking,normal,moving,,recording_02,-1.0000,0,0,0,detected=False | in_zone=False | depth_valid=False | z=invalid | valid=0/0 | roi_mode=full,SAFE (z=invalid),0,0,0,0.0000,-1.00,-1.00,-1.00,-1.00
2026-04-21T15:33:58.989,1776774838.989040,angles_and_walking,normal,moving,,recording_02,-1.0000,0,0,0,detected=False | in_zone=False | depth_valid=False | z=invalid | valid=0/0 | roi_mode=full,SAFE (z=invalid),0,0,0,0.0000,-1.00,-1.00,-1.00,-1.00
2026-04-21T15:33:59.089,1776774839.089175,angles_and_walking,normal,moving,,recording_02,-1.0000,0,0,0,detected=False | in_zone=False | depth_valid=False | z=invalid | valid=0/0 | roi_mode=full,SAFE (z=invalid),0,0,0,0.0000,-1.00,-1.00,-1.00,-1.00
2026-04-21T15:33:59.191,1776774839.191161,angles_and_walking,normal,moving,,recording_02,-1.0000,0,0,0,detected=False | in_zone=False | depth_valid=False | z=invalid | valid=0/0 | roi_mode=full,SAFE (z=invalid),0,0,0,0.0000,-1.00,-1.00,-1.00,-1.00
2026-04-21T15:33:59.290,1776774839.290251,angles_and_walking,normal,moving,,recording_02,-1.0000,0,0,0,detected=False | in_zone=False | depth_valid=False | z=invalid | valid=0/0 | roi_mode=full,SAFE (z=invalid),0,0,0,0.0000,-1.00,-1.00,-1.00,-1.00
2026-04-21T15:33:59.390,1776774839.390255,angles_and_walking,normal,moving,,recording_02,-1.0000,0,0,0,detected=False | in_zone=False | depth_valid=False | z=invalid | valid=0/0 | roi_mode=full,SAFE (z=invalid),0,0,0,0.0000,-1.00,-1.00,-1.00,-1.00
2026-04-21T15:33:59.489,1776774839.489185,angles_and_walking,normal,moving,,recording_02,-1.0000,0,0,0,detected=False | in_zone=False | depth_valid=False | z=invalid | valid=0/0 | roi_mode=full,SAFE (z=invalid),0,0,0,0.0000,-1.00,-1.00,-1.00,-1.00
2026-04-21T15:33:59.590,1776774839.590181,angles_and_walking,normal,moving,,recording_02,-1.0000,0,0,0,detected=False | in_zone=False | depth_valid=False | z=invalid | valid=0/0 | roi_mode=full,SAFE (z=invalid),0,0,0,0.0000,-1.00,-1.00,-1.00,-1.00
2026-04-21T15:33:59.690,1776774839.689973,angles_and_walking,normal,moving,,recording_02,-1.0000,0,0,0,detected=False | in_zone=False | depth_valid=False | z=invalid | valid=0/0 | roi_mode=full,SAFE (z=invalid),0,0,0,0.0000,-1.00,-1.00,-1.00,-1.00
2026-04-21T15:33:59.789,1776774839.789024,angles_and_walking,normal,moving,,recording_02,-1.0000,0,0,0,detected=False | in_zone=False | depth_valid=False | z=invalid | valid=0/0 | roi_mode=full,SAFE (z=invalid),0,0,0,0.0000,-1.00,-1.00,-1.00,-1.00
2026-04-21T15:33:59.889,1776774839.889428,angles_and_walking,normal,moving,,recording_02,-1.0000,0,0,0,detected=False | in_zone=False | depth_valid=False | z=invalid | valid=0/0 | roi_mode=full,SAFE (z=invalid),0,0,0,0.0000,-1.00,-1.00,-1.00,-1.00
2026-04-21T15:33:59.989,1776774839.989095,angles_and_walking,normal,moving,,recording_02,-1.0000,0,0,0,detected=False | in_zone=False | depth_valid=False | z=invalid | valid=0/0 | roi_mode=full,SAFE (z=invalid),0,0,0,0.0000,-1.00,-1.00,-1.00,-1.00
2026-04-21T15:34:00.091,1776774840.091179,angles_and_walking,normal,moving,,recording_02,-1.0000,0,0,0,detected=False | in_zone=False | depth_valid=False | z=invalid | valid=0/0 | roi_mode=full,SAFE (z=invalid),0,0,0,0.0000,-1.00,-1.00,-1.00,-1.00
2026-04-21T15:34:00.192,1776774840.192186,angles_and_walking,normal,moving,,recording_02,-1.0000,0,0,0,detected=False | in_zone=False | depth_valid=False | z=invalid | valid=0/0 | roi_mode=full,SAFE (z=invalid),0,0,0,0.0000,-1.00,-1.00,-1.00,-1.00
2026-04-21T15:34:00.289,1776774840.289146,angles_and_walking,normal,moving,,recording_02,-1.0000,0,0,0,detected=False | in_zone=False | depth_valid=False | z=invalid | valid=0/0 | roi_mode=full,SAFE (z=invalid),0,0,0,0.0000,-1.00,-1.00,-1.00,-1.00
2026-04-21T15:34:00.389,1776774840.389115,angles_and_walking,normal,moving,,recording_02,-1.0000,0,0,0,detected=False | in_zone=False | depth_valid=False | z=invalid | valid=0/0 | roi_mode=full,SAFE (z=invalid),0,0,0,0.0000,-1.00,-1.00,-1.00,-1.00
2026-04-21T15:34:00.493,1776774840.493758,angles_and_walking,normal,moving,,recording_02,-1.0000,0,0,0,detected=False | in_zone=False | depth_valid=False | z=invalid | valid=0/0 | roi_mode=full,SAFE (z=invalid),0,0,0,0.0000,-1.00,-1.00,-1.00,-1.00
2026-04-21T15:34:00.590,1776774840.590374,angles_and_walking,normal,moving,,recording_02,-1.0000,0,0,0,detected=False | in_zone=False | depth_valid=False | z=invalid | valid=0/0 | roi_mode=full,SAFE (z=invalid),0,0,0,0.0000,-1.00,-1.00,-1.00,-1.00
2026-04-21T15:34:00.689,1776774840.689379,angles_and_walking,normal,moving,,recording_02,-1.0000,0,0,0,detected=False | in_zone=False | depth_valid=False | z=invalid | valid=0/0 | roi_mode=full,SAFE (z=invalid),0,0,0,0.0000,-1.00,-1.00,-1.00,-1.00
2026-04-21T15:34:00.789,1776774840.789357,angles_and_walking,normal,moving,,recording_02,-1.0000,0,0,0,detected=False | in_zone=False | depth_valid=False | z=invalid | valid=0/0 | roi_mode=full,SAFE (z=invalid),0,0,0,0.0000,-1.00,-1.00,-1.00,-1.00
2026-04-21T15:34:00.889,1776774840.889174,angles_and_walking,normal,moving,,recording_02,-1.0000,0,0,0,detected=False | in_zone=False | depth_valid=False | z=invalid | valid=0/0 | roi_mode=full,SAFE (z=invalid),0,0,0,0.0000,-1.00,-1.00,-1.00,-1.00
2026-04-21T15:34:00.989,1776774840.989259,angles_and_walking,normal,moving,,recording_02,-1.0000,0,0,0,detected=False | in_zone=False | depth_valid=False | z=invalid | valid=0/0 | roi_mode=full,SAFE (z=invalid),0,0,0,0.0000,-1.00,-1.00,-1.00,-1.00
2026-04-21T15:34:01.089,1776774841.089625,angles_and_walking,normal,moving,,recording_02,-1.0000,0,0,0,detected=False | in_zone=False | depth_valid=False | z=invalid | valid=0/0 | roi_mode=full,SAFE (z=invalid),0,0,0,0.0000,-1.00,-1.00,-1.00,-1.00
2026-04-21T15:34:01.189,1776774841.189162,angles_and_walking,normal,moving,,recording_02,-1.0000,0,0,0,detected=False | in_zone=False | depth_valid=False | z=invalid | valid=0/0 | roi_mode=full,SAFE (z=invalid),0,0,0,0.0000,-1.00,-1.00,-1.00,-1.00
2026-04-21T15:34:01.289,1776774841.289305,angles_and_walking,normal,moving,,recording_02,-1.0000,0,0,0,detected=False | in_zone=False | depth_valid=False | z=invalid | valid=0/0 | roi_mode=full,SAFE (z=invalid),0,0,0,0.0000,-1.00,-1.00,-1.00,-1.00
2026-04-21T15:34:01.389,1776774841.389554,angles_and_walking,normal,moving,,recording_02,-1.0000,0,0,0,detected=False | in_zone=False | depth_valid=False | z=invalid | valid=0/0 | roi_mode=full,SAFE (z=invalid),0,0,0,0.0000,-1.00,-1.00,-1.00,-1.00
2026-04-21T15:34:01.490,1776774841.490232,angles_and_walking,normal,moving,,recording_02,-1.0000,0,0,0,detected=False | in_zone=False | depth_valid=False | z=invalid | valid=0/0 | roi_mode=full,SAFE (z=invalid),0,0,0,0.0000,-1.00,-1.00,-1.00,-1.00
2026-04-21T15:34:01.589,1776774841.589335,angles_and_walking,normal,moving,,recording_02,-1.0000,0,0,0,detected=False | in_zone=False | depth_valid=False | z=invalid | valid=0/0 | roi_mode=full,SAFE (z=invalid),0,0,0,0.0000,-1.00,-1.00,-1.00,-1.00
2026-04-21T15:34:01.689,1776774841.689522,angles_and_walking,normal,moving,,recording_02,-1.0000,0,0,0,detected=False | in_zone=False | depth_valid=False | z=invalid | valid=0/0 | roi_mode=full,SAFE (z=invalid),0,0,0,0.0000,-1.00,-1.00,-1.00,-1.00
2026-04-21T15:34:01.789,1776774841.789741,angles_and_walking,normal,moving,,recording_02,-1.0000,0,0,0,detected=False | in_zone=False | depth_valid=False | z=invalid | valid=0/0 | roi_mode=full,SAFE (z=invalid),0,0,0,0.0000,-1.00,-1.00,-1.00,-1.00
2026-04-21T15:34:01.895,1776774841.895023,angles_and_walking,normal,moving,,recording_02,-1.0000,0,0,0,detected=False | in_zone=False | depth_valid=False | z=invalid | valid=0/0 | roi_mode=full,SAFE (z=invalid),0,0,0,0.0000,-1.00,-1.00,-1.00,-1.00
2026-04-21T15:34:01.989,1776774841.989663,angles_and_walking,normal,moving,,recording_02,-1.0000,0,0,0,detected=False | in_zone=False | depth_valid=False | z=invalid | valid=0/0 | roi_mode=full,SAFE (z=invalid),0,0,0,0.0000,-1.00,-1.00,-1.00,-1.00
2026-04-21T15:34:02.092,1776774842.092704,angles_and_walking,normal,moving,,recording_02,-1.0000,0,0,0,detected=False | in_zone=False | depth_valid=False | z=invalid | valid=0/0 | roi_mode=full,SAFE (z=invalid),0,0,0,0.0000,-1.00,-1.00,-1.00,-1.00
2026-04-21T15:34:02.190,1776774842.190135,angles_and_walking,normal,moving,,recording_02,-1.0000,0,0,0,detected=False | in_zone=False | depth_valid=False | z=invalid | valid=0/0 | roi_mode=full,SAFE (z=invalid),0,0,0,0.0000,-1.00,-1.00,-1.00,-1.00
2026-04-21T15:34:02.290,1776774842.290179,angles_and_walking,normal,moving,,recording_02,-1.0000,0,0,0,detected=False | in_zone=False | depth_valid=False | z=invalid | valid=0/0 | roi_mode=full,SAFE (z=invalid),0,0,0,0.0000,-1.00,-1.00,-1.00,-1.00
2026-04-21T15:34:02.389,1776774842.389884,angles_and_walking,normal,moving,,recording_02,-1.0000,0,0,0,detected=False | in_zone=False | depth_valid=False | z=invalid | valid=0/0 | roi_mode=full,SAFE (z=invalid),0,0,0,0.0000,-1.00,-1.00,-1.00,-1.00
2026-04-21T15:34:02.489,1776774842.489094,angles_and_walking,normal,moving,,recording_02,-1.0000,0,0,0,detected=False | in_zone=False | depth_valid=False | z=invalid | valid=0/0 | roi_mode=full,SAFE (z=invalid),0,0,0,0.0000,-1.00,-1.00,-1.00,-1.00
2026-04-21T15:34:02.589,1776774842.589341,angles_and_walking,normal,moving,,recording_02,-1.0000,0,0,0,detected=False | in_zone=False | depth_valid=False | z=invalid | valid=0/0 | roi_mode=full,SAFE (z=invalid),0,0,0,0.0000,-1.00,-1.00,-1.00,-1.00
2026-04-21T15:34:02.689,1776774842.689156,angles_and_walking,normal,moving,,recording_02,-1.0000,0,0,0,detected=False | in_zone=False | depth_valid=False | z=invalid | valid=0/0 | roi_mode=full,SAFE (z=invalid),0,0,0,0.0000,-1.00,-1.00,-1.00,-1.00
2026-04-21T15:34:02.790,1776774842.790465,angles_and_walking,normal,moving,,recording_02,-1.0000,0,0,0,detected=False | in_zone=False | depth_valid=False | z=invalid | valid=0/0 | roi_mode=full,SAFE (z=invalid),0,0,0,0.0000,-1.00,-1.00,-1.00,-1.00
2026-04-21T15:34:02.889,1776774842.889064,angles_and_walking,normal,moving,,recording_02,-1.0000,0,0,0,detected=False | in_zone=False | depth_valid=False | z=invalid | valid=0/0 | roi_mode=full,SAFE (z=invalid),0,0,0,0.0000,-1.00,-1.00,-1.00,-1.00
2026-04-21T15:34:02.989,1776774842.989089,angles_and_walking,normal,moving,,recording_02,-1.0000,0,0,0,detected=False | in_zone=False | depth_valid=False | z=invalid | valid=0/0 | roi_mode=full,SAFE (z=invalid),0,0,0,0.0000,-1.00,-1.00,-1.00,-1.00
2026-04-21T15:34:03.089,1776774843.089664,angles_and_walking,normal,moving,,recording_02,-1.0000,0,0,0,detected=False | in_zone=False | depth_valid=False | z=invalid | valid=0/0 | roi_mode=full,SAFE (z=invalid),0,0,0,0.0000,-1.00,-1.00,-1.00,-1.00
2026-04-21T15:34:03.189,1776774843.189200,angles_and_walking,normal,moving,,recording_02,-1.0000,0,0,0,detected=False | in_zone=False | depth_valid=False | z=invalid | valid=0/0 | roi_mode=full,SAFE (z=invalid),0,0,0,0.0000,-1.00,-1.00,-1.00,-1.00
2026-04-21T15:34:03.289,1776774843.289202,angles_and_walking,normal,moving,,recording_02,-1.0000,0,0,0,detected=False | in_zone=False | depth_valid=False | z=invalid | valid=0/0 | roi_mode=full,SAFE (z=invalid),0,0,0,0.0000,-1.00,-1.00,-1.00,-1.00
2026-04-21T15:34:03.393,1776774843.393093,angles_and_walking,normal,moving,,recording_02,-1.0000,0,0,0,detected=False | in_zone=False | depth_valid=False | z=invalid | valid=0/0 | roi_mode=full,SAFE (z=invalid),0,0,0,0.0000,-1.00,-1.00,-1.00,-1.00
2026-04-21T15:34:03.492,1776774843.491972,angles_and_walking,normal,moving,,recording_02,-1.0000,0,0,0,detected=False | in_zone=False | depth_valid=False | z=invalid | valid=0/0 | roi_mode=full,SAFE (z=invalid),0,0,0,0.0000,-1.00,-1.00,-1.00,-1.00
2026-04-21T15:34:03.592,1776774843.592504,angles_and_walking,normal,moving,,recording_02,-1.0000,0,0,0,detected=False | in_zone=False | depth_valid=False | z=invalid | valid=0/0 | roi_mode=full,SAFE (z=invalid),0,0,0,0.0000,-1.00,-1.00,-1.00,-1.00
2026-04-21T15:34:03.689,1776774843.689385,angles_and_walking,normal,moving,,recording_02,-1.0000,0,0,0,detected=False | in_zone=False | depth_valid=False | z=invalid | valid=0/0 | roi_mode=full,SAFE (z=invalid),0,0,0,0.0000,-1.00,-1.00,-1.00,-1.00
2026-04-21T15:34:03.792,1776774843.792069,angles_and_walking,normal,moving,,recording_02,-1.0000,0,0,0,detected=False | in_zone=False | depth_valid=False | z=invalid | valid=0/0 | roi_mode=full,SAFE (z=invalid),0,0,0,0.0000,-1.00,-1.00,-1.00,-1.00
2026-04-21T15:34:03.897,1776774843.897481,angles_and_walking,normal,moving,,recording_02,-1.0000,0,0,0,detected=False | in_zone=False | depth_valid=False | z=invalid | valid=0/0 | roi_mode=full,SAFE (z=invalid),0,0,0,0.0000,-1.00,-1.00,-1.00,-1.00
2026-04-21T15:34:03.990,1776774843.990700,angles_and_walking,normal,moving,,recording_02,-1.0000,0,0,0,detected=False | in_zone=False | depth_valid=False | z=invalid | valid=0/0 | roi_mode=full,SAFE (z=invalid),0,0,0,0.0000,-1.00,-1.00,-1.00,-1.00
2026-04-21T15:34:04.098,1776774844.095790,angles_and_walking,normal,moving,,recording_02,-1.0000,0,0,0,detected=False | in_zone=False | depth_valid=False | z=invalid | valid=0/0 | roi_mode=full,SAFE (z=invalid),0,0,0,0.0000,-1.00,-1.00,-1.00,-1.00
2026-04-21T15:34:04.192,1776774844.192089,angles_and_walking,normal,moving,,recording_02,-1.0000,0,0,0,detected=False | in_zone=False | depth_valid=False | z=invalid | valid=0/0 | roi_mode=full,SAFE (z=invalid),0,0,0,0.0000,-1.00,-1.00,-1.00,-1.00
2026-04-21T15:34:04.289,1776774844.289766,angles_and_walking,normal,moving,,recording_02,-1.0000,0,0,0,detected=False | in_zone=False | depth_valid=False | z=invalid | valid=0/0 | roi_mode=full,SAFE (z=invalid),0,0,0,0.0000,-1.00,-1.00,-1.00,-1.00
2026-04-21T15:34:04.389,1776774844.389136,angles_and_walking,normal,moving,,recording_02,-1.0000,0,0,0,detected=False | in_zone=False | depth_valid=False | z=invalid | valid=0/0 | roi_mode=full,SAFE (z=invalid),0,0,0,0.0000,-1.00,-1.00,-1.00,-1.00
2026-04-21T15:34:04.491,1776774844.491059,angles_and_walking,normal,moving,,recording_02,-1.0000,0,0,0,detected=False | in_zone=False | depth_valid=False | z=invalid | valid=0/0 | roi_mode=full,SAFE (z=invalid),0,0,0,0.0000,-1.00,-1.00,-1.00,-1.00
2026-04-21T15:34:04.589,1776774844.589352,angles_and_walking,normal,moving,,recording_02,-1.0000,0,0,0,detected=False | in_zone=False | depth_valid=False | z=invalid | valid=0/0 | roi_mode=full,SAFE (z=invalid),0,0,0,0.0000,-1.00,-1.00,-1.00,-1.00
2026-04-21T15:34:04.691,1776774844.691650,angles_and_walking,normal,moving,,recording_02,-1.0000,0,0,0,detected=False | in_zone=False | depth_valid=False | z=invalid | valid=0/0 | roi_mode=full,SAFE (z=invalid),0,0,0,0.0000,-1.00,-1.00,-1.00,-1.00
2026-04-21T15:34:04.789,1776774844.789356,angles_and_walking,normal,moving,,recording_02,-1.0000,0,0,0,detected=False | in_zone=False | depth_valid=False | z=invalid | valid=0/0 | roi_mode=full,SAFE (z=invalid),0,0,0,0.0000,-1.00,-1.00,-1.00,-1.00
2026-04-21T15:34:04.890,1776774844.890529,angles_and_walking,normal,moving,,recording_02,-1.0000,0,0,0,detected=False | in_zone=False | depth_valid=False | z=invalid | valid=0/0 | roi_mode=full,SAFE (z=invalid),0,0,0,0.0000,-1.00,-1.00,-1.00,-1.00
2026-04-21T15:34:04.990,1776774844.990463,angles_and_walking,normal,moving,,recording_02,-1.0000,0,0,0,detected=False | in_zone=False | depth_valid=False | z=invalid | valid=0/0 | roi_mode=full,SAFE (z=invalid),0,0,0,0.0000,-1.00,-1.00,-1.00,-1.00
2026-04-21T15:34:05.091,1776774845.091684,angles_and_walking,normal,moving,,recording_02,-1.0000,0,0,0,detected=False | in_zone=False | depth_valid=False | z=invalid | valid=0/0 | roi_mode=full,SAFE (z=invalid),0,0,0,0.0000,-1.00,-1.00,-1.00,-1.00
2026-04-21T15:34:05.189,1776774845.189628,angles_and_walking,normal,moving,,recording_02,-1.0000,0,0,0,detected=False | in_zone=False | depth_valid=False | z=invalid | valid=0/0 | roi_mode=full,SAFE (z=invalid),0,0,0,0.0000,-1.00,-1.00,-1.00,-1.00
2026-04-21T15:34:05.291,1776774845.291147,angles_and_walking,normal,moving,,recording_02,-1.0000,0,0,0,detected=False | in_zone=False | depth_valid=False | z=invalid | valid=0/0 | roi_mode=full,SAFE (z=invalid),0,0,0,0.0000,-1.00,-1.00,-1.00,-1.00
2026-04-21T15:34:05.391,1776774845.391464,angles_and_walking,normal,moving,,recording_02,-1.0000,0,0,0,detected=False | in_zone=False | depth_valid=False | z=invalid | valid=0/0 | roi_mode=full,SAFE (z=invalid),0,0,0,0.0000,-1.00,-1.00,-1.00,-1.00
2026-04-21T15:34:05.492,1776774845.492020,angles_and_walking,normal,moving,,recording_02,-1.0000,0,0,0,detected=False | in_zone=False | depth_valid=False | z=invalid | valid=0/0 | roi_mode=full,SAFE (z=invalid),0,0,0,0.0000,-1.00,-1.00,-1.00,-1.00
2026-04-21T15:34:05.590,1776774845.590415,angles_and_walking,normal,moving,,recording_02,-1.0000,0,0,0,detected=False | in_zone=False | depth_valid=False | z=invalid | valid=0/0 | roi_mode=full,SAFE (z=invalid),0,0,0,0.0000,-1.00,-1.00,-1.00,-1.00
2026-04-21T15:34:05.691,1776774845.691182,angles_and_walking,normal,moving,,recording_02,-1.0000,0,0,0,detected=False | in_zone=False | depth_valid=False | z=invalid | valid=0/0 | roi_mode=full,SAFE (z=invalid),0,0,0,0.0000,-1.00,-1.00,-1.00,-1.00
2026-04-21T15:34:05.792,1776774845.792113,angles_and_walking,normal,moving,,recording_02,-1.0000,0,0,0,detected=False | in_zone=False | depth_valid=False | z=invalid | valid=0/0 | roi_mode=full,SAFE (z=invalid),0,0,0,0.0000,-1.00,-1.00,-1.00,-1.00
2026-04-21T15:34:05.889,1776774845.889188,angles_and_walking,normal,moving,,recording_02,-1.0000,0,0,0,detected=False | in_zone=False | depth_valid=False | z=invalid | valid=0/0 | roi_mode=full,SAFE (z=invalid),0,0,0,0.0000,-1.00,-1.00,-1.00,-1.00
2026-04-21T15:34:05.989,1776774845.989278,angles_and_walking,normal,moving,,recording_02,-1.0000,0,0,0,detected=False | in_zone=False | depth_valid=False | z=invalid | valid=0/0 | roi_mode=full,SAFE (z=invalid),0,0,0,0.0000,-1.00,-1.00,-1.00,-1.00
2026-04-21T15:34:06.089,1776774846.089621,angles_and_walking,normal,moving,,recording_02,-1.0000,0,0,0,detected=False | in_zone=False | depth_valid=False | z=invalid | valid=0/0 | roi_mode=full,SAFE (z=invalid),0,0,0,0.0000,-1.00,-1.00,-1.00,-1.00
2026-04-21T15:34:06.191,1776774846.191025,angles_and_walking,normal,moving,,recording_02,-1.0000,0,0,0,detected=False | in_zone=False | depth_valid=False | z=invalid | valid=0/0 | roi_mode=full,SAFE (z=invalid),0,0,0,0.0000,-1.00,-1.00,-1.00,-1.00
2026-04-21T15:34:06.289,1776774846.289189,angles_and_walking,normal,moving,,recording_02,-1.0000,0,0,0,detected=False | in_zone=False | depth_valid=False | z=invalid | valid=0/0 | roi_mode=full,SAFE (z=invalid),0,0,0,0.0000,-1.00,-1.00,-1.00,-1.00
2026-04-21T15:34:06.391,1776774846.391457,angles_and_walking,normal,moving,,recording_02,-1.0000,0,0,0,detected=False | in_zone=False | depth_valid=False | z=invalid | valid=0/0 | roi_mode=full,SAFE (z=invalid),0,0,0,0.0000,-1.00,-1.00,-1.00,-1.00
2026-04-21T15:34:06.489,1776774846.489061,angles_and_walking,normal,moving,,recording_02,-1.0000,0,0,0,detected=False | in_zone=False | depth_valid=False | z=invalid | valid=0/0 | roi_mode=full,SAFE (z=invalid),0,0,0,0.0000,-1.00,-1.00,-1.00,-1.00
2026-04-21T15:34:06.590,1776774846.590143,angles_and_walking,normal,moving,,recording_02,-1.0000,0,0,0,detected=False | in_zone=False | depth_valid=False | z=invalid | valid=0/0 | roi_mode=full,SAFE (z=invalid),0,0,0,0.0000,-1.00,-1.00,-1.00,-1.00
2026-04-21T15:34:06.689,1776774846.689145,angles_and_walking,normal,moving,,recording_02,-1.0000,0,0,0,detected=False | in_zone=False | depth_valid=False | z=invalid | valid=0/0 | roi_mode=full,SAFE (z=invalid),0,0,0,0.0000,-1.00,-1.00,-1.00,-1.00
2026-04-21T15:34:06.797,1776774846.797444,angles_and_walking,normal,moving,,recording_02,-1.0000,0,0,0,detected=False | in_zone=False | depth_valid=False | z=invalid | valid=0/0 | roi_mode=full,SAFE (z=invalid),0,0,0,0.0000,-1.00,-1.00,-1.00,-1.00
2026-04-21T15:34:06.889,1776774846.889787,angles_and_walking,normal,moving,,recording_02,-1.0000,0,0,0,detected=False | in_zone=False | depth_valid=False | z=invalid | valid=0/0 | roi_mode=full,SAFE (z=invalid),0,0,0,0.0000,-1.00,-1.00,-1.00,-1.00
2026-04-21T15:34:06.989,1776774846.989071,angles_and_walking,normal,moving,,recording_02,-1.0000,0,0,0,detected=False | in_zone=False | depth_valid=False | z=invalid | valid=0/0 | roi_mode=full,SAFE (z=invalid),0,0,0,0.0000,-1.00,-1.00,-1.00,-1.00
2026-04-21T15:34:07.092,1776774847.092174,angles_and_walking,normal,moving,,recording_02,-1.0000,0,0,0,detected=False | in_zone=False | depth_valid=False | z=invalid | valid=0/0 | roi_mode=full,SAFE (z=invalid),0,0,0,0.0000,-1.00,-1.00,-1.00,-1.00
2026-04-21T15:34:07.190,1776774847.189962,angles_and_walking,normal,moving,,recording_02,-1.0000,0,0,0,detected=False | in_zone=False | depth_valid=False | z=invalid | valid=0/0 | roi_mode=full,SAFE (z=invalid),0,0,0,0.0000,-1.00,-1.00,-1.00,-1.00
2026-04-21T15:34:07.292,1776774847.291981,angles_and_walking,normal,moving,,recording_02,-1.0000,0,0,0,detected=False | in_zone=False | depth_valid=False | z=invalid | valid=0/0 | roi_mode=full,SAFE (z=invalid),0,0,0,0.0000,-1.00,-1.00,-1.00,-1.00
2026-04-21T15:34:07.389,1776774847.389639,angles_and_walking,normal,moving,,recording_02,-1.0000,0,0,0,detected=False | in_zone=False | depth_valid=False | z=invalid | valid=0/0 | roi_mode=full,SAFE (z=invalid),0,0,0,0.0000,-1.00,-1.00,-1.00,-1.00
2026-04-21T15:34:07.491,1776774847.490738,angles_and_walking,normal,moving,,recording_02,-1.0000,0,0,0,detected=False | in_zone=False | depth_valid=False | z=invalid | valid=0/0 | roi_mode=full,SAFE (z=invalid),0,0,0,0.0000,-1.00,-1.00,-1.00,-1.00
2026-04-21T15:34:07.591,1776774847.590951,angles_and_walking,normal,moving,,recording_02,-1.0000,0,0,0,detected=False | in_zone=False | depth_valid=False | z=invalid | valid=0/0 | roi_mode=full,SAFE (z=invalid),0,0,0,0.0000,-1.00,-1.00,-1.00,-1.00
2026-04-21T15:34:07.690,1776774847.690861,angles_and_walking,normal,moving,,recording_02,-1.0000,0,0,0,detected=False | in_zone=False | depth_valid=False | z=invalid | valid=0/0 | roi_mode=full,SAFE (z=invalid),0,0,0,0.0000,-1.00,-1.00,-1.00,-1.00
2026-04-21T15:34:07.789,1776774847.789124,angles_and_walking,normal,moving,,recording_02,-1.0000,0,0,0,detected=False | in_zone=False | depth_valid=False | z=invalid | valid=0/0 | roi_mode=full,SAFE (z=invalid),0,0,0,0.0000,-1.00,-1.00,-1.00,-1.00
2026-04-21T15:34:07.890,1776774847.890571,angles_and_walking,normal,moving,,recording_02,-1.0000,0,0,0,detected=False | in_zone=False | depth_valid=False | z=invalid | valid=0/0 | roi_mode=full,SAFE (z=invalid),0,0,0,0.0000,-1.00,-1.00,-1.00,-1.00
2026-04-21T15:34:07.989,1776774847.989512,angles_and_walking,normal,moving,,recording_02,-1.0000,0,0,0,detected=False | in_zone=False | depth_valid=False | z=invalid | valid=0/0 | roi_mode=full,SAFE (z=invalid),0,0,0,0.0000,-1.00,-1.00,-1.00,-1.00
2026-04-21T15:34:08.089,1776774848.089201,angles_and_walking,normal,moving,,recording_02,-1.0000,0,0,0,detected=False | in_zone=False | depth_valid=False | z=invalid | valid=0/0 | roi_mode=full,SAFE (z=invalid),0,0,0,0.0000,-1.00,-1.00,-1.00,-1.00
2026-04-21T15:34:08.191,1776774848.191759,angles_and_walking,normal,moving,,recording_02,-1.0000,0,0,0,detected=False | in_zone=False | depth_valid=False | z=invalid | valid=0/0 | roi_mode=full,SAFE (z=invalid),0,0,0,0.0000,-1.00,-1.00,-1.00,-1.00
2026-04-21T15:34:08.291,1776774848.291240,angles_and_walking,normal,moving,,recording_02,-1.0000,0,0,0,detected=False | in_zone=False | depth_valid=False | z=invalid | valid=0/0 | roi_mode=full,SAFE (z=invalid),0,0,0,0.0000,-1.00,-1.00,-1.00,-1.00
2026-04-21T15:34:08.395,1776774848.395100,angles_and_walking,normal,moving,,recording_02,-1.0000,0,0,0,detected=False | in_zone=False | depth_valid=False | z=invalid | valid=0/0 | roi_mode=full,SAFE (z=invalid),0,0,0,0.0000,-1.00,-1.00,-1.00,-1.00
2026-04-21T15:34:08.497,1776774848.496960,angles_and_walking,normal,moving,,recording_02,-1.0000,0,0,0,detected=False | in_zone=False | depth_valid=False | z=invalid | valid=0/0 | roi_mode=full,SAFE (z=invalid),0,0,0,0.0000,-1.00,-1.00,-1.00,-1.00
2026-04-21T15:34:08.594,1776774848.594577,angles_and_walking,normal,moving,,recording_02,-1.0000,0,0,0,detected=False | in_zone=False | depth_valid=False | z=invalid | valid=0/0 | roi_mode=full,SAFE (z=invalid),0,0,0,0.0000,-1.00,-1.00,-1.00,-1.00
2026-04-21T15:34:08.694,1776774848.694387,angles_and_walking,normal,moving,,recording_02,-1.0000,0,0,0,detected=False | in_zone=False | depth_valid=False | z=invalid | valid=0/0 | roi_mode=full,SAFE (z=invalid),0,0,0,0.0000,-1.00,-1.00,-1.00,-1.00
2026-04-21T15:34:08.790,1776774848.790405,angles_and_walking,normal,moving,,recording_02,-1.0000,0,0,0,detected=False | in_zone=False | depth_valid=False | z=invalid | valid=0/0 | roi_mode=full,SAFE (z=invalid),0,0,0,0.0000,-1.00,-1.00,-1.00,-1.00
2026-04-21T15:34:08.889,1776774848.889066,angles_and_walking,normal,moving,,recording_02,-1.0000,0,0,0,detected=False | in_zone=False | depth_valid=False | z=invalid | valid=0/0 | roi_mode=full,SAFE (z=invalid),0,0,0,0.0000,-1.00,-1.00,-1.00,-1.00
2026-04-21T15:34:08.993,1776774848.993118,angles_and_walking,normal,moving,,recording_02,-1.0000,0,0,0,detected=False | in_zone=False | depth_valid=False | z=invalid | valid=0/0 | roi_mode=full,SAFE (z=invalid),0,0,0,0.0000,-1.00,-1.00,-1.00,-1.00
2026-04-21T15:34:09.090,1776774849.090442,angles_and_walking,normal,moving,,recording_02,-1.0000,0,0,0,detected=False | in_zone=False | depth_valid=False | z=invalid | valid=0/0 | roi_mode=full,SAFE (z=invalid),0,0,0,0.0000,-1.00,-1.00,-1.00,-1.00
2026-04-21T15:34:09.190,1776774849.190505,angles_and_walking,normal,moving,,recording_02,-1.0000,0,0,0,detected=False | in_zone=False | depth_valid=False | z=invalid | valid=0/0 | roi_mode=full,SAFE (z=invalid),0,0,0,0.0000,-1.00,-1.00,-1.00,-1.00
2026-04-21T15:34:09.289,1776774849.289519,angles_and_walking,normal,moving,,recording_02,-1.0000,0,0,0,detected=False | in_zone=False | depth_valid=False | z=invalid | valid=0/0 | roi_mode=full,SAFE (z=invalid),0,0,0,0.0000,-1.00,-1.00,-1.00,-1.00
2026-04-21T15:34:09.390,1776774849.390441,angles_and_walking,normal,moving,,recording_02,-1.0000,0,0,0,detected=False | in_zone=False | depth_valid=False | z=invalid | valid=0/0 | roi_mode=full,SAFE (z=invalid),0,0,0,0.0000,-1.00,-1.00,-1.00,-1.00
2026-04-21T15:34:09.489,1776774849.489335,angles_and_walking,normal,moving,,recording_02,-1.0000,0,0,0,detected=False | in_zone=False | depth_valid=False | z=invalid | valid=0/0 | roi_mode=full,SAFE (z=invalid),0,0,0,0.0000,-1.00,-1.00,-1.00,-1.00
2026-04-21T15:34:09.589,1776774849.589128,angles_and_walking,normal,moving,,recording_02,-1.0000,0,0,0,detected=False | in_zone=False | depth_valid=False | z=invalid | valid=0/0 | roi_mode=full,SAFE (z=invalid),0,0,0,0.0000,-1.00,-1.00,-1.00,-1.00
2026-04-21T15:34:09.697,1776774849.697437,angles_and_walking,normal,moving,,recording_02,-1.0000,0,0,0,detected=False | in_zone=False | depth_valid=False | z=invalid | valid=0/0 | roi_mode=full,SAFE (z=invalid),0,0,0,0.0000,-1.00,-1.00,-1.00,-1.00
2026-04-21T15:34:09.789,1776774849.789230,angles_and_walking,normal,moving,,recording_02,-1.0000,0,0,0,detected=False | in_zone=False | depth_valid=False | z=invalid | valid=0/0 | roi_mode=full,SAFE (z=invalid),0,0,0,0.0000,-1.00,-1.00,-1.00,-1.00
2026-04-21T15:34:09.889,1776774849.889103,angles_and_walking,normal,moving,,recording_02,-1.0000,0,0,0,detected=False | in_zone=False | depth_valid=False | z=invalid | valid=0/0 | roi_mode=full,SAFE (z=invalid),0,0,0,0.0000,-1.00,-1.00,-1.00,-1.00
2026-04-21T15:34:09.993,1776774849.993409,angles_and_walking,normal,moving,,recording_02,-1.0000,0,0,0,detected=False | in_zone=False | depth_valid=False | z=invalid | valid=0/0 | roi_mode=full,SAFE (z=invalid),0,0,0,0.0000,-1.00,-1.00,-1.00,-1.00
2026-04-21T15:34:10.091,1776774850.091565,angles_and_walking,normal,moving,,recording_02,-1.0000,0,0,0,detected=False | in_zone=False | depth_valid=False | z=invalid | valid=0/0 | roi_mode=full,SAFE (z=invalid),0,0,0,0.0000,-1.00,-1.00,-1.00,-1.00
2026-04-21T15:34:10.189,1776774850.189540,angles_and_walking,normal,moving,,recording_02,-1.0000,0,0,0,detected=False | in_zone=False | depth_valid=False | z=invalid | valid=0/0 | roi_mode=full,SAFE (z=invalid),0,0,0,0.0000,-1.00,-1.00,-1.00,-1.00
2026-04-21T15:34:10.289,1776774850.289090,angles_and_walking,normal,moving,,recording_02,-1.0000,0,0,0,detected=False | in_zone=False | depth_valid=False | z=invalid | valid=0/0 | roi_mode=full,SAFE (z=invalid),0,0,0,0.0000,-1.00,-1.00,-1.00,-1.00
2026-04-21T15:34:10.390,1776774850.390591,angles_and_walking,normal,moving,,recording_02,-1.0000,0,0,0,detected=False | in_zone=False | depth_valid=False | z=invalid | valid=0/0 | roi_mode=full,SAFE (z=invalid),0,0,0,0.0000,-1.00,-1.00,-1.00,-1.00
2026-04-21T15:34:10.490,1776774850.490249,angles_and_walking,normal,moving,,recording_02,-1.0000,0,0,0,detected=False | in_zone=False | depth_valid=False | z=invalid | valid=0/0 | roi_mode=full,SAFE (z=invalid),0,0,0,0.0000,-1.00,-1.00,-1.00,-1.00
2026-04-21T15:34:10.589,1776774850.589032,angles_and_walking,normal,moving,,recording_02,-1.0000,0,0,0,detected=False | in_zone=False | depth_valid=False | z=invalid | valid=0/0 | roi_mode=full,SAFE (z=invalid),0,0,0,0.0000,-1.00,-1.00,-1.00,-1.00
2026-04-21T15:34:10.692,1776774850.692298,angles_and_walking,normal,moving,,recording_02,-1.0000,0,0,0,detected=False | in_zone=False | depth_valid=False | z=invalid | valid=0/0 | roi_mode=full,SAFE (z=invalid),0,0,0,0.0000,-1.00,-1.00,-1.00,-1.00
2026-04-21T15:34:10.789,1776774850.789161,angles_and_walking,normal,moving,,recording_02,-1.0000,0,0,0,detected=False | in_zone=False | depth_valid=False | z=invalid | valid=0/0 | roi_mode=full,SAFE (z=invalid),0,0,0,0.0000,-1.00,-1.00,-1.00,-1.00
2026-04-21T15:34:10.889,1776774850.889107,angles_and_walking,normal,moving,,recording_02,-1.0000,0,0,0,detected=False | in_zone=False | depth_valid=False | z=invalid | valid=0/0 | roi_mode=full,SAFE (z=invalid),0,0,0,0.0000,-1.00,-1.00,-1.00,-1.00
2026-04-21T15:34:10.989,1776774850.989475,angles_and_walking,normal,moving,,recording_02,-1.0000,0,0,0,detected=False | in_zone=False | depth_valid=False | z=invalid | valid=0/0 | roi_mode=full,SAFE (z=invalid),0,0,0,0.0000,-1.00,-1.00,-1.00,-1.00
2026-04-21T15:34:11.089,1776774851.089096,angles_and_walking,normal,moving,,recording_02,-1.0000,0,0,0,detected=False | in_zone=False | depth_valid=False | z=invalid | valid=0/0 | roi_mode=full,SAFE (z=invalid),0,0,0,0.0000,-1.00,-1.00,-1.00,-1.00
2026-04-21T15:34:11.189,1776774851.189676,angles_and_walking,normal,moving,,recording_02,-1.0000,0,0,0,detected=False | in_zone=False | depth_valid=False | z=invalid | valid=0/0 | roi_mode=full,SAFE (z=invalid),0,0,0,0.0000,-1.00,-1.00,-1.00,-1.00
2026-04-21T15:34:11.290,1776774851.290405,angles_and_walking,normal,moving,,recording_02,-1.0000,0,0,0,detected=False | in_zone=False | depth_valid=False | z=invalid | valid=0/0 | roi_mode=full,SAFE (z=invalid),0,0,0,0.0000,-1.00,-1.00,-1.00,-1.00
2026-04-21T15:34:11.399,1776774851.398955,angles_and_walking,normal,moving,,recording_02,-1.0000,0,0,0,detected=False | in_zone=False | depth_valid=False | z=invalid | valid=0/0 | roi_mode=full,SAFE (z=invalid),0,0,0,0.0000,-1.00,-1.00,-1.00,-1.00
2026-04-21T15:34:11.489,1776774851.489127,angles_and_walking,normal,moving,,recording_02,-1.0000,0,0,0,detected=False | in_zone=False | depth_valid=False | z=invalid | valid=0/0 | roi_mode=full,SAFE (z=invalid),0,0,1,0.8307,490.34,476.65,519.15,946.30
2026-04-21T15:34:11.589,1776774851.589069,angles_and_walking,normal,moving,,recording_02,2.0756,1,1,1,detected=True | in_zone=True | depth_valid=True | z=2.08 m | valid=4315/13502 | roi_mode=full,SAFE (z=invalid),0,0,1,0.8307,490.34,476.65,519.15,946.30
2026-04-21T15:34:11.689,1776774851.689760,angles_and_walking,normal,moving,,recording_02,2.0756,1,1,1,detected=True | in_zone=True | depth_valid=True | z=2.08 m | valid=4315/13502 | roi_mode=full,SAFE (z=invalid),0,0,1,0.8307,490.34,476.65,519.15,946.30
2026-04-21T15:34:11.789,1776774851.788998,angles_and_walking,normal,moving,,recording_02,2.0756,0,1,0,detected=False | in_zone=False | depth_valid=True | z=2.08 m | valid=0/0 | roi_mode=full,SAFE (z=2.08m),0,1,1,0.8307,490.34,476.65,519.15,946.30
2026-04-21T15:34:11.890,1776774851.890624,angles_and_walking,normal,moving,,recording_02,2.0756,0,1,0,detected=False | in_zone=False | depth_valid=True | z=2.08 m | valid=0/0 | roi_mode=full,SAFE (z=2.08m),0,0,1,0.8307,490.34,476.65,519.15,946.30
2026-04-21T15:34:11.989,1776774851.989210,angles_and_walking,normal,moving,,recording_02,2.0756,0,1,0,detected=False | in_zone=False | depth_valid=True | z=2.08 m | valid=0/0 | roi_mode=full,SAFE (z=2.08m),0,0,1,0.8307,490.34,476.65,519.15,946.30
2026-04-21T15:34:12.090,1776774852.090676,angles_and_walking,normal,moving,,recording_02,-1.0000,0,0,0,detected=False | in_zone=False | depth_valid=False | z=invalid | valid=0/0 | roi_mode=full,SAFE (z=invalid),0,1,1,0.8307,490.34,476.65,519.15,946.30
2026-04-21T15:34:12.190,1776774852.189955,angles_and_walking,normal,moving,,recording_02,-1.0000,0,0,0,detected=False | in_zone=False | depth_valid=False | z=invalid | valid=0/0 | roi_mode=full,SAFE (z=invalid),0,0,1,0.8307,490.34,476.65,519.15,946.30
2026-04-21T15:34:12.289,1776774852.289791,angles_and_walking,normal,moving,,recording_02,-1.0000,0,0,0,detected=False | in_zone=False | depth_valid=False | z=invalid | valid=0/0 | roi_mode=full,SAFE (z=invalid),0,0,1,0.8307,490.34,476.65,519.15,946.30
2026-04-21T15:34:12.391,1776774852.390992,angles_and_walking,normal,moving,,recording_02,-1.0000,0,0,0,detected=False | in_zone=False | depth_valid=False | z=invalid | valid=0/0 | roi_mode=full,SAFE (z=invalid),0,0,1,0.8307,490.34,476.65,519.15,946.30
2026-04-21T15:34:12.489,1776774852.489176,angles_and_walking,normal,moving,,recording_02,-1.0000,0,0,0,detected=False | in_zone=False | depth_valid=False | z=invalid | valid=0/0 | roi_mode=full,SAFE (z=invalid),0,0,1,0.8307,490.34,476.65,519.15,946.30
2026-04-21T15:34:12.589,1776774852.589091,angles_and_walking,normal,moving,,recording_02,-1.0000,0,0,0,detected=False | in_zone=False | depth_valid=False | z=invalid | valid=0/0 | roi_mode=full,SAFE (z=invalid),0,0,1,0.8307,490.34,476.65,519.15,946.30
2026-04-21T15:34:12.692,1776774852.692344,angles_and_walking,normal,moving,,recording_02,-1.0000,0,0,0,detected=False | in_zone=False | depth_valid=False | z=invalid | valid=0/0 | roi_mode=full,SAFE (z=invalid),0,0,1,0.8307,490.34,476.65,519.15,946.30
2026-04-21T15:34:12.789,1776774852.789547,angles_and_walking,normal,moving,,recording_02,-1.0000,0,0,0,detected=False | in_zone=False | depth_valid=False | z=invalid | valid=0/0 | roi_mode=full,SAFE (z=invalid),0,0,1,0.8307,490.34,476.65,519.15,946.30
2026-04-21T15:34:12.889,1776774852.889073,angles_and_walking,normal,moving,,recording_02,-1.0000,0,0,0,detected=False | in_zone=False | depth_valid=False | z=invalid | valid=0/0 | roi_mode=full,SAFE (z=invalid),0,0,1,0.8307,490.34,476.65,519.15,946.30
2026-04-21T15:34:12.989,1776774852.989086,angles_and_walking,normal,moving,,recording_02,-1.0000,0,0,0,detected=False | in_zone=False | depth_valid=False | z=invalid | valid=0/0 | roi_mode=full,SAFE (z=invalid),0,0,1,0.8307,490.34,476.65,519.15,946.30
2026-04-21T15:34:13.091,1776774853.091957,angles_and_walking,normal,moving,,recording_02,-1.0000,0,0,0,detected=False | in_zone=False | depth_valid=False | z=invalid | valid=0/0 | roi_mode=full,SAFE (z=invalid),0,0,1,0.8307,490.34,476.65,519.15,946.30
2026-04-21T15:34:13.189,1776774853.189942,angles_and_walking,normal,moving,,recording_02,-1.0000,0,0,0,detected=False | in_zone=False | depth_valid=False | z=invalid | valid=0/0 | roi_mode=full,SAFE (z=invalid),0,0,0,0.0000,-1.00,-1.00,-1.00,-1.00
2026-04-21T15:34:13.291,1776774853.291387,angles_and_walking,normal,moving,,recording_02,-1.0000,0,0,0,detected=False | in_zone=False | depth_valid=False | z=invalid | valid=0/0 | roi_mode=full,SAFE (z=invalid),0,0,0,0.0000,-1.00,-1.00,-1.00,-1.00
2026-04-21T15:34:13.390,1776774853.390964,angles_and_walking,normal,moving,,recording_02,-1.0000,0,0,0,detected=False | in_zone=False | depth_valid=False | z=invalid | valid=0/0 | roi_mode=full,SAFE (z=invalid),0,0,0,0.0000,-1.00,-1.00,-1.00,-1.00
2026-04-21T15:34:13.489,1776774853.489225,angles_and_walking,normal,moving,,recording_02,-1.0000,0,0,0,detected=False | in_zone=False | depth_valid=False | z=invalid | valid=0/0 | roi_mode=full,SAFE (z=invalid),0,0,0,0.0000,-1.00,-1.00,-1.00,-1.00
2026-04-21T15:34:13.589,1776774853.589258,angles_and_walking,normal,moving,,recording_02,-1.0000,0,0,0,detected=False | in_zone=False | depth_valid=False | z=invalid | valid=0/0 | roi_mode=full,SAFE (z=invalid),0,0,0,0.0000,-1.00,-1.00,-1.00,-1.00
2026-04-21T15:34:13.689,1776774853.689263,angles_and_walking,normal,moving,,recording_02,-1.0000,0,0,0,detected=False | in_zone=False | depth_valid=False | z=invalid | valid=0/0 | roi_mode=full,SAFE (z=invalid),0,0,0,0.0000,-1.00,-1.00,-1.00,-1.00
2026-04-21T15:34:13.789,1776774853.789275,angles_and_walking,normal,moving,,recording_02,-1.0000,0,0,0,detected=False | in_zone=False | depth_valid=False | z=invalid | valid=0/0 | roi_mode=full,SAFE (z=invalid),0,0,0,0.0000,-1.00,-1.00,-1.00,-1.00
2026-04-21T15:34:13.895,1776774853.895916,angles_and_walking,normal,moving,,recording_02,-1.0000,0,0,0,detected=False | in_zone=False | depth_valid=False | z=invalid | valid=0/0 | roi_mode=full,SAFE (z=invalid),0,0,0,0.0000,-1.00,-1.00,-1.00,-1.00
2026-04-21T15:34:13.990,1776774853.990458,angles_and_walking,normal,moving,,recording_02,-1.0000,0,0,0,detected=False | in_zone=False | depth_valid=False | z=invalid | valid=0/0 | roi_mode=full,SAFE (z=invalid),0,0,0,0.0000,-1.00,-1.00,-1.00,-1.00
2026-04-21T15:34:14.089,1776774854.089049,angles_and_walking,normal,moving,,recording_02,-1.0000,0,0,0,detected=False | in_zone=False | depth_valid=False | z=invalid | valid=0/0 | roi_mode=full,SAFE (z=invalid),0,0,0,0.0000,-1.00,-1.00,-1.00,-1.00
2026-04-21T15:34:14.190,1776774854.190890,angles_and_walking,normal,moving,,recording_02,-1.0000,0,0,0,detected=False | in_zone=False | depth_valid=False | z=invalid | valid=0/0 | roi_mode=full,SAFE (z=invalid),0,0,0,0.0000,-1.00,-1.00,-1.00,-1.00
2026-04-21T15:34:14.289,1776774854.289096,angles_and_walking,normal,moving,,recording_02,-1.0000,0,0,0,detected=False | in_zone=False | depth_valid=False | z=invalid | valid=0/0 | roi_mode=full,SAFE (z=invalid),0,0,0,0.0000,-1.00,-1.00,-1.00,-1.00
2026-04-21T15:34:14.389,1776774854.388988,angles_and_walking,normal,moving,,recording_02,-1.0000,0,0,0,detected=False | in_zone=False | depth_valid=False | z=invalid | valid=0/0 | roi_mode=full,SAFE (z=invalid),0,0,0,0.0000,-1.00,-1.00,-1.00,-1.00
2026-04-21T15:34:14.489,1776774854.489075,angles_and_walking,normal,moving,,recording_02,-1.0000,0,0,0,detected=False | in_zone=False | depth_valid=False | z=invalid | valid=0/0 | roi_mode=full,SAFE (z=invalid),0,0,0,0.0000,-1.00,-1.00,-1.00,-1.00
2026-04-21T15:34:14.589,1776774854.588989,angles_and_walking,normal,moving,,recording_02,-1.0000,0,0,0,detected=False | in_zone=False | depth_valid=False | z=invalid | valid=0/0 | roi_mode=full,SAFE (z=invalid),0,0,0,0.0000,-1.00,-1.00,-1.00,-1.00
2026-04-21T15:34:14.690,1776774854.690194,angles_and_walking,normal,moving,,recording_02,-1.0000,0,0,0,detected=False | in_zone=False | depth_valid=False | z=invalid | valid=0/0 | roi_mode=full,SAFE (z=invalid),0,0,0,0.0000,-1.00,-1.00,-1.00,-1.00
2026-04-21T15:34:14.791,1776774854.791893,angles_and_walking,normal,moving,,recording_02,-1.0000,0,0,0,detected=False | in_zone=False | depth_valid=False | z=invalid | valid=0/0 | roi_mode=full,SAFE (z=invalid),0,0,0,0.0000,-1.00,-1.00,-1.00,-1.00
2026-04-21T15:34:14.890,1776774854.890198,angles_and_walking,normal,moving,,recording_02,-1.0000,0,0,0,detected=False | in_zone=False | depth_valid=False | z=invalid | valid=0/0 | roi_mode=full,SAFE (z=invalid),0,0,0,0.0000,-1.00,-1.00,-1.00,-1.00
2026-04-21T15:34:14.989,1776774854.989527,angles_and_walking,normal,moving,,recording_02,-1.0000,0,0,0,detected=False | in_zone=False | depth_valid=False | z=invalid | valid=0/0 | roi_mode=full,SAFE (z=invalid),0,0,0,0.0000,-1.00,-1.00,-1.00,-1.00
2026-04-21T15:34:15.090,1776774855.090181,angles_and_walking,normal,moving,,recording_02,-1.0000,0,0,0,detected=False | in_zone=False | depth_valid=False | z=invalid | valid=0/0 | roi_mode=full,SAFE (z=invalid),0,0,0,0.0000,-1.00,-1.00,-1.00,-1.00
2026-04-21T15:34:15.189,1776774855.189092,angles_and_walking,normal,moving,,recording_02,-1.0000,0,0,0,detected=False | in_zone=False | depth_valid=False | z=invalid | valid=0/0 | roi_mode=full,SAFE (z=invalid),0,0,0,0.0000,-1.00,-1.00,-1.00,-1.00
2026-04-21T15:34:15.289,1776774855.289245,angles_and_walking,normal,moving,,recording_02,-1.0000,0,0,0,detected=False | in_zone=False | depth_valid=False | z=invalid | valid=0/0 | roi_mode=full,SAFE (z=invalid),0,0,0,0.0000,-1.00,-1.00,-1.00,-1.00
2026-04-21T15:34:15.391,1776774855.389754,angles_and_walking,normal,moving,,recording_02,-1.0000,0,0,0,detected=False | in_zone=False | depth_valid=False | z=invalid | valid=0/0 | roi_mode=full,SAFE (z=invalid),0,0,0,0.0000,-1.00,-1.00,-1.00,-1.00
2026-04-21T15:34:15.491,1776774855.491059,angles_and_walking,normal,moving,,recording_02,-1.0000,0,0,0,detected=False | in_zone=False | depth_valid=False | z=invalid | valid=0/0 | roi_mode=full,SAFE (z=invalid),0,0,0,0.0000,-1.00,-1.00,-1.00,-1.00
2026-04-21T15:34:15.589,1776774855.589208,angles_and_walking,normal,moving,,recording_02,-1.0000,0,0,0,detected=False | in_zone=False | depth_valid=False | z=invalid | valid=0/0 | roi_mode=full,SAFE (z=invalid),0,0,0,0.0000,-1.00,-1.00,-1.00,-1.00
2026-04-21T15:34:15.690,1776774855.690235,angles_and_walking,normal,moving,,recording_02,-1.0000,0,0,0,detected=False | in_zone=False | depth_valid=False | z=invalid | valid=0/0 | roi_mode=full,SAFE (z=invalid),0,0,0,0.0000,-1.00,-1.00,-1.00,-1.00
2026-04-21T15:34:15.789,1776774855.789162,angles_and_walking,normal,moving,,recording_02,-1.0000,0,0,0,detected=False | in_zone=False | depth_valid=False | z=invalid | valid=0/0 | roi_mode=full,SAFE (z=invalid),0,0,0,0.0000,-1.00,-1.00,-1.00,-1.00
2026-04-21T15:34:15.889,1776774855.889661,angles_and_walking,normal,moving,,recording_02,-1.0000,0,0,0,detected=False | in_zone=False | depth_valid=False | z=invalid | valid=0/0 | roi_mode=full,SAFE (z=invalid),0,0,0,0.0000,-1.00,-1.00,-1.00,-1.00
2026-04-21T15:34:15.989,1776774855.989462,angles_and_walking,normal,moving,,recording_02,-1.0000,0,0,0,detected=False | in_zone=False | depth_valid=False | z=invalid | valid=0/0 | roi_mode=full,SAFE (z=invalid),0,0,0,0.0000,-1.00,-1.00,-1.00,-1.00
2026-04-21T15:34:16.089,1776774856.089207,angles_and_walking,normal,moving,,recording_02,-1.0000,0,0,0,detected=False | in_zone=False | depth_valid=False | z=invalid | valid=0/0 | roi_mode=full,SAFE (z=invalid),0,0,0,0.0000,-1.00,-1.00,-1.00,-1.00
2026-04-21T15:34:16.189,1776774856.189098,angles_and_walking,normal,moving,,recording_02,-1.0000,0,0,0,detected=False | in_zone=False | depth_valid=False | z=invalid | valid=0/0 | roi_mode=full,SAFE (z=invalid),0,0,0,0.0000,-1.00,-1.00,-1.00,-1.00
2026-04-21T15:34:16.289,1776774856.289561,angles_and_walking,normal,moving,,recording_02,-1.0000,0,0,0,detected=False | in_zone=False | depth_valid=False | z=invalid | valid=0/0 | roi_mode=full,SAFE (z=invalid),0,0,0,0.0000,-1.00,-1.00,-1.00,-1.00
2026-04-21T15:34:16.389,1776774856.389402,angles_and_walking,normal,moving,,recording_02,-1.0000,0,0,0,detected=False | in_zone=False | depth_valid=False | z=invalid | valid=0/0 | roi_mode=full,SAFE (z=invalid),0,0,0,0.0000,-1.00,-1.00,-1.00,-1.00
2026-04-21T15:34:16.489,1776774856.489732,angles_and_walking,normal,moving,,recording_02,-1.0000,0,0,0,detected=False | in_zone=False | depth_valid=False | z=invalid | valid=0/0 | roi_mode=full,SAFE (z=invalid),0,0,0,0.0000,-1.00,-1.00,-1.00,-1.00
2026-04-21T15:34:16.589,1776774856.589175,angles_and_walking,normal,moving,,recording_02,-1.0000,0,0,0,detected=False | in_zone=False | depth_valid=False | z=invalid | valid=0/0 | roi_mode=full,SAFE (z=invalid),0,0,0,0.0000,-1.00,-1.00,-1.00,-1.00
2026-04-21T15:34:16.691,1776774856.691793,angles_and_walking,normal,moving,,recording_02,-1.0000,0,0,0,detected=False | in_zone=False | depth_valid=False | z=invalid | valid=0/0 | roi_mode=full,SAFE (z=invalid),0,0,0,0.0000,-1.00,-1.00,-1.00,-1.00
2026-04-21T15:34:16.789,1776774856.789090,angles_and_walking,normal,moving,,recording_02,-1.0000,0,0,0,detected=False | in_zone=False | depth_valid=False | z=invalid | valid=0/0 | roi_mode=full,SAFE (z=invalid),0,0,0,0.0000,-1.00,-1.00,-1.00,-1.00
2026-04-21T15:34:16.893,1776774856.893191,angles_and_walking,normal,moving,,recording_02,-1.0000,0,0,0,detected=False | in_zone=False | depth_valid=False | z=invalid | valid=0/0 | roi_mode=full,SAFE (z=invalid),0,0,0,0.0000,-1.00,-1.00,-1.00,-1.00
2026-04-21T15:34:16.989,1776774856.989205,angles_and_walking,normal,moving,,recording_02,-1.0000,0,0,0,detected=False | in_zone=False | depth_valid=False | z=invalid | valid=0/0 | roi_mode=full,SAFE (z=invalid),0,0,0,0.0000,-1.00,-1.00,-1.00,-1.00
2026-04-21T15:34:17.090,1776774857.090534,angles_and_walking,normal,moving,,recording_02,-1.0000,0,0,0,detected=False | in_zone=False | depth_valid=False | z=invalid | valid=0/0 | roi_mode=full,SAFE (z=invalid),0,0,0,0.0000,-1.00,-1.00,-1.00,-1.00
2026-04-21T15:34:17.191,1776774857.191126,angles_and_walking,normal,moving,,recording_02,-1.0000,0,0,0,detected=False | in_zone=False | depth_valid=False | z=invalid | valid=0/0 | roi_mode=full,SAFE (z=invalid),0,0,0,0.0000,-1.00,-1.00,-1.00,-1.00
2026-04-21T15:34:17.289,1776774857.289141,angles_and_walking,normal,moving,,recording_02,-1.0000,0,0,0,detected=False | in_zone=False | depth_valid=False | z=invalid | valid=0/0 | roi_mode=full,SAFE (z=invalid),0,0,0,0.0000,-1.00,-1.00,-1.00,-1.00
2026-04-21T15:34:17.389,1776774857.389162,angles_and_walking,normal,moving,,recording_02,-1.0000,0,0,0,detected=False | in_zone=False | depth_valid=False | z=invalid | valid=0/0 | roi_mode=full,SAFE (z=invalid),0,0,0,0.0000,-1.00,-1.00,-1.00,-1.00
2026-04-21T15:34:17.489,1776774857.489092,angles_and_walking,normal,moving,,recording_02,-1.0000,0,0,0,detected=False | in_zone=False | depth_valid=False | z=invalid | valid=0/0 | roi_mode=full,SAFE (z=invalid),0,0,0,0.0000,-1.00,-1.00,-1.00,-1.00
2026-04-21T15:34:17.589,1776774857.589785,angles_and_walking,normal,moving,,recording_02,-1.0000,0,0,0,detected=False | in_zone=False | depth_valid=False | z=invalid | valid=0/0 | roi_mode=full,SAFE (z=invalid),0,0,0,0.0000,-1.00,-1.00,-1.00,-1.00
2026-04-21T15:34:17.692,1776774857.692641,angles_and_walking,normal,moving,,recording_02,-1.0000,0,0,0,detected=False | in_zone=False | depth_valid=False | z=invalid | valid=0/0 | roi_mode=full,SAFE (z=invalid),0,0,1,0.6616,1196.77,432.36,166.25,840.23
2026-04-21T15:34:17.789,1776774857.789745,angles_and_walking,normal,moving,,recording_02,1.4465,1,1,1,detected=True | in_zone=True | depth_valid=True | z=1.45 m | valid=628/3920 | roi_mode=full,SAFE (z=invalid),0,0,1,0.6616,1196.77,432.36,166.25,840.23
2026-04-21T15:34:17.889,1776774857.889248,angles_and_walking,normal,moving,,recording_02,1.5795,1,1,1,detected=True | in_zone=True | depth_valid=True | z=1.58 m | valid=360/3920 | roi_mode=full,SAFE (z=1.58m),0,1,1,0.6616,1196.77,432.36,166.25,840.23
2026-04-21T15:34:17.989,1776774857.989704,angles_and_walking,normal,moving,,recording_02,1.9395,1,1,1,detected=True | in_zone=True | depth_valid=True | z=1.94 m | valid=155/3920 | roi_mode=full,SAFE (z=1.94m),0,1,1,0.6616,1196.77,432.36,166.25,840.23
2026-04-21T15:34:18.090,1776774858.090416,angles_and_walking,normal,moving,,recording_02,2.1046,1,1,1,detected=True | in_zone=True | depth_valid=True | z=2.10 m | valid=697/5181 | roi_mode=full,SAFE (z=2.11m),0,1,1,0.9132,1181.57,471.56,196.47,941.59
2026-04-21T15:34:18.195,1776774858.195481,angles_and_walking,normal,moving,,recording_02,2.1273,1,1,1,detected=True | in_zone=True | depth_valid=True | z=2.13 m | valid=716/5181 | roi_mode=full,SAFE (z=2.13m),0,1,1,0.9132,1181.57,471.56,196.47,941.59
2026-04-21T15:34:18.290,1776774858.290007,angles_and_walking,normal,moving,,recording_02,2.1171,1,1,1,detected=True | in_zone=True | depth_valid=True | z=2.12 m | valid=658/5181 | roi_mode=full,SAFE (z=2.12m),0,1,1,0.9132,1181.57,471.56,196.47,941.59
2026-04-21T15:34:18.389,1776774858.389101,angles_and_walking,normal,moving,,recording_02,2.1171,1,1,1,detected=True | in_zone=True | depth_valid=True | z=2.12 m | valid=658/5181 | roi_mode=full,SAFE (z=2.12m),0,0,1,0.9132,1181.57,471.56,196.47,941.59
2026-04-21T15:34:18.489,1776774858.489589,angles_and_walking,normal,moving,,recording_02,2.1171,0,1,0,detected=False | in_zone=False | depth_valid=True | z=2.12 m | valid=0/0 | roi_mode=full,SAFE (z=2.12m),0,0,1,0.9132,1181.57,471.56,196.47,941.59
2026-04-21T15:34:18.590,1776774858.590256,angles_and_walking,normal,moving,,recording_02,2.1171,0,1,0,detected=False | in_zone=False | depth_valid=True | z=2.12 m | valid=0/0 | roi_mode=full,SAFE (z=2.12m),0,0,1,0.9132,1181.57,471.56,196.47,941.59
2026-04-21T15:34:18.689,1776774858.689204,angles_and_walking,normal,moving,,recording_02,-1.0000,0,0,0,detected=False | in_zone=False | depth_valid=False | z=invalid | valid=0/0 | roi_mode=full,SAFE (z=2.12m),0,0,1,0.9132,1181.57,471.56,196.47,941.59
2026-04-21T15:34:18.793,1776774858.793487,angles_and_walking,normal,moving,,recording_02,-1.0000,0,0,0,detected=False | in_zone=False | depth_valid=False | z=invalid | valid=0/0 | roi_mode=full,SAFE (z=2.12m),0,0,1,0.9132,1181.57,471.56,196.47,941.59
2026-04-21T15:34:18.891,1776774858.891659,angles_and_walking,normal,moving,,recording_02,-1.0000,0,0,0,detected=False | in_zone=False | depth_valid=False | z=invalid | valid=0/0 | roi_mode=full,SAFE (z=invalid),0,1,1,0.9132,1181.57,471.56,196.47,941.59
2026-04-21T15:34:18.989,1776774858.989903,angles_and_walking,normal,moving,,recording_02,1.6955,1,1,1,detected=False | in_zone=False | depth_valid=False | z=invalid | valid=0/0 | roi_mode=full,SAFE (z=invalid),0,0,1,0.8433,583.01,482.65,295.35,954.70
2026-04-21T15:34:19.089,1776774859.089160,angles_and_walking,normal,moving,,recording_02,2.0306,1,1,1,detected=True | in_zone=True | depth_valid=True | z=2.03 m | valid=1990/7791 | roi_mode=full,SAFE (z=invalid),0,0,1,0.8433,583.01,482.65,295.35,954.70
2026-04-21T15:34:19.191,1776774859.191589,angles_and_walking,normal,moving,,recording_02,2.0753,1,1,1,detected=True | in_zone=True | depth_valid=True | z=2.08 m | valid=2377/7791 | roi_mode=full,SAFE (z=2.07m),0,1,1,0.8433,583.01,482.65,295.35,954.70
2026-04-21T15:34:19.289,1776774859.289325,angles_and_walking,normal,moving,,recording_02,2.0831,1,1,1,detected=True | in_zone=True | depth_valid=True | z=2.08 m | valid=2347/7791 | roi_mode=full,SAFE (z=2.07m),0,0,1,0.8433,583.01,482.65,295.35,954.70
2026-04-21T15:34:19.392,1776774859.392756,angles_and_walking,normal,moving,,recording_02,2.0831,0,1,0,detected=False | in_zone=False | depth_valid=True | z=2.08 m | valid=0/0 | roi_mode=full,SAFE (z=2.08m),0,1,1,0.8433,583.01,482.65,295.35,954.70
2026-04-21T15:34:19.489,1776774859.489736,angles_and_walking,normal,moving,,recording_02,2.0831,0,1,0,detected=False | in_zone=False | depth_valid=True | z=2.08 m | valid=0/0 | roi_mode=full,SAFE (z=2.08m),0,0,1,0.8433,583.01,482.65,295.35,954.70
2026-04-21T15:34:19.589,1776774859.589300,angles_and_walking,normal,moving,,recording_02,2.0831,0,1,0,detected=False | in_zone=False | depth_valid=True | z=2.08 m | valid=0/0 | roi_mode=full,SAFE (z=2.08m),0,0,1,0.8433,583.01,482.65,295.35,954.70
2026-04-21T15:34:19.693,1776774859.693051,angles_and_walking,normal,moving,,recording_02,-1.0000,0,0,0,detected=False | in_zone=False | depth_valid=False | z=invalid | valid=0/0 | roi_mode=full,SAFE (z=2.08m),0,0,1,0.8433,583.01,482.65,295.35,954.70
2026-04-21T15:34:19.791,1776774859.791146,angles_and_walking,normal,moving,,recording_02,2.0756,1,1,1,detected=True | in_zone=True | depth_valid=True | z=2.08 m | valid=4729/13833 | roi_mode=full,SAFE (z=invalid),0,1,1,0.9086,336.26,478.02,522.87,956.04
2026-04-21T15:34:19.891,1776774859.891194,angles_and_walking,normal,moving,,recording_02,2.0673,1,1,1,detected=True | in_zone=True | depth_valid=True | z=2.07 m | valid=4454/13833 | roi_mode=full,SAFE (z=2.07m),0,1,1,0.9086,336.26,478.02,522.87,956.04
2026-04-21T15:34:19.989,1776774859.989377,angles_and_walking,normal,moving,,recording_02,2.0966,1,1,1,detected=True | in_zone=True | depth_valid=True | z=2.10 m | valid=4066/13833 | roi_mode=full,SAFE (z=2.10m),0,1,1,0.9086,336.26,478.02,522.87,956.04
2026-04-21T15:34:20.089,1776774860.089183,angles_and_walking,normal,moving,,recording_02,2.0966,1,1,1,detected=True | in_zone=True | depth_valid=True | z=2.10 m | valid=4066/13833 | roi_mode=full,SAFE (z=2.10m),0,0,1,0.9086,336.26,478.02,522.87,956.04
2026-04-21T15:34:20.191,1776774860.191170,angles_and_walking,normal,moving,,recording_02,2.0966,0,1,0,detected=False | in_zone=False | depth_valid=True | z=2.10 m | valid=0/0 | roi_mode=full,SAFE (z=2.10m),0,0,1,0.9086,336.26,478.02,522.87,956.04
2026-04-21T15:34:20.289,1776774860.289368,angles_and_walking,normal,moving,,recording_02,2.0966,0,1,0,detected=False | in_zone=False | depth_valid=True | z=2.10 m | valid=0/0 | roi_mode=full,SAFE (z=2.10m),0,0,1,0.9086,336.26,478.02,522.87,956.04
2026-04-21T15:34:20.396,1776774860.396600,angles_and_walking,normal,moving,,recording_02,-1.0000,0,0,0,detected=False | in_zone=False | depth_valid=False | z=invalid | valid=0/0 | roi_mode=full,SAFE (z=invalid),0,1,1,0.9086,336.26,478.02,522.87,956.04
2026-04-21T15:34:20.492,1776774860.492884,angles_and_walking,normal,moving,,recording_02,-1.0000,0,0,0,detected=False | in_zone=False | depth_valid=False | z=invalid | valid=0/0 | roi_mode=full,SAFE (z=invalid),0,0,1,0.9086,336.26,478.02,522.87,956.04
2026-04-21T15:34:20.593,1776774860.592978,angles_and_walking,normal,moving,,recording_02,-1.0000,0,0,0,detected=False | in_zone=False | depth_valid=False | z=invalid | valid=0/0 | roi_mode=full,SAFE (z=invalid),0,0,1,0.9086,336.26,478.02,522.87,956.04
2026-04-21T15:34:20.689,1776774860.689548,angles_and_walking,normal,moving,,recording_02,-1.0000,0,0,0,detected=False | in_zone=False | depth_valid=False | z=invalid | valid=0/0 | roi_mode=full,SAFE (z=invalid),0,0,0,0.0000,-1.00,-1.00,-1.00,-1.00
2026-04-21T15:34:20.791,1776774860.791843,angles_and_walking,normal,moving,,recording_02,-1.0000,0,0,0,detected=False | in_zone=False | depth_valid=False | z=invalid | valid=0/0 | roi_mode=full,SAFE (z=invalid),0,0,0,0.0000,-1.00,-1.00,-1.00,-1.00
2026-04-21T15:34:20.891,1776774860.891284,angles_and_walking,normal,moving,,recording_02,-1.0000,0,0,0,detected=False | in_zone=False | depth_valid=False | z=invalid | valid=0/0 | roi_mode=full,SAFE (z=invalid),0,0,0,0.0000,-1.00,-1.00,-1.00,-1.00
2026-04-21T15:34:20.989,1776774860.989003,angles_and_walking,normal,moving,,recording_02,-1.0000,0,0,0,detected=False | in_zone=False | depth_valid=False | z=invalid | valid=0/0 | roi_mode=full,SAFE (z=invalid),0,0,0,0.0000,-1.00,-1.00,-1.00,-1.00
2026-04-21T15:34:21.089,1776774861.089090,angles_and_walking,normal,moving,,recording_02,-1.0000,0,0,0,detected=False | in_zone=False | depth_valid=False | z=invalid | valid=0/0 | roi_mode=full,SAFE (z=invalid),0,0,0,0.0000,-1.00,-1.00,-1.00,-1.00
2026-04-21T15:34:21.189,1776774861.189254,angles_and_walking,normal,moving,,recording_02,-1.0000,0,0,0,detected=False | in_zone=False | depth_valid=False | z=invalid | valid=0/0 | roi_mode=full,SAFE (z=invalid),0,0,0,0.0000,-1.00,-1.00,-1.00,-1.00
2026-04-21T15:34:21.290,1776774861.290382,angles_and_walking,normal,moving,,recording_02,-1.0000,0,0,0,detected=False | in_zone=False | depth_valid=False | z=invalid | valid=0/0 | roi_mode=full,SAFE (z=invalid),0,0,0,0.0000,-1.00,-1.00,-1.00,-1.00
2026-04-21T15:34:21.389,1776774861.389675,angles_and_walking,normal,moving,,recording_02,-1.0000,0,0,0,detected=False | in_zone=False | depth_valid=False | z=invalid | valid=0/0 | roi_mode=full,SAFE (z=invalid),0,0,0,0.0000,-1.00,-1.00,-1.00,-1.00
2026-04-21T15:34:21.489,1776774861.489329,angles_and_walking,normal,moving,,recording_02,-1.0000,0,0,0,detected=False | in_zone=False | depth_valid=False | z=invalid | valid=0/0 | roi_mode=full,SAFE (z=invalid),0,0,0,0.0000,-1.00,-1.00,-1.00,-1.00
2026-04-21T15:34:21.607,1776774861.607743,angles_and_walking,normal,moving,,recording_02,-1.0000,0,0,0,detected=False | in_zone=False | depth_valid=False | z=invalid | valid=0/0 | roi_mode=full,SAFE (z=invalid),0,0,0,0.0000,-1.00,-1.00,-1.00,-1.00
2026-04-21T15:34:21.689,1776774861.689404,angles_and_walking,normal,moving,,recording_02,-1.0000,0,0,0,detected=False | in_zone=False | depth_valid=False | z=invalid | valid=0/0 | roi_mode=full,SAFE (z=invalid),0,0,0,0.0000,-1.00,-1.00,-1.00,-1.00
2026-04-21T15:34:21.789,1776774861.789095,angles_and_walking,normal,moving,,recording_02,-1.0000,0,0,0,detected=False | in_zone=False | depth_valid=False | z=invalid | valid=0/0 | roi_mode=full,SAFE (z=invalid),0,0,0,0.0000,-1.00,-1.00,-1.00,-1.00
2026-04-21T15:34:21.889,1776774861.889112,angles_and_walking,normal,moving,,recording_02,-1.0000,0,0,0,detected=False | in_zone=False | depth_valid=False | z=invalid | valid=0/0 | roi_mode=full,SAFE (z=invalid),0,0,0,0.0000,-1.00,-1.00,-1.00,-1.00
2026-04-21T15:34:21.989,1776774861.989123,angles_and_walking,normal,moving,,recording_02,-1.0000,0,0,0,detected=False | in_zone=False | depth_valid=False | z=invalid | valid=0/0 | roi_mode=full,SAFE (z=invalid),0,0,0,0.0000,-1.00,-1.00,-1.00,-1.00
2026-04-21T15:34:22.089,1776774862.089069,angles_and_walking,normal,moving,,recording_02,-1.0000,0,0,0,detected=False | in_zone=False | depth_valid=False | z=invalid | valid=0/0 | roi_mode=full,SAFE (z=invalid),0,0,0,0.0000,-1.00,-1.00,-1.00,-1.00
2026-04-21T15:34:22.196,1776774862.196190,angles_and_walking,normal,moving,,recording_02,-1.0000,0,0,0,detected=False | in_zone=False | depth_valid=False | z=invalid | valid=0/0 | roi_mode=full,SAFE (z=invalid),0,0,0,0.0000,-1.00,-1.00,-1.00,-1.00
2026-04-21T15:34:22.293,1776774862.293717,angles_and_walking,normal,moving,,recording_02,-1.0000,0,0,0,detected=False | in_zone=False | depth_valid=False | z=invalid | valid=0/0 | roi_mode=full,SAFE (z=invalid),0,0,0,0.0000,-1.00,-1.00,-1.00,-1.00
2026-04-21T15:34:22.390,1776774862.390672,angles_and_walking,normal,moving,,recording_02,-1.0000,0,0,0,detected=False | in_zone=False | depth_valid=False | z=invalid | valid=0/0 | roi_mode=full,SAFE (z=invalid),0,0,0,0.0000,-1.00,-1.00,-1.00,-1.00
2026-04-21T15:34:22.489,1776774862.489930,angles_and_walking,normal,moving,,recording_02,-1.0000,0,0,0,detected=False | in_zone=False | depth_valid=False | z=invalid | valid=0/0 | roi_mode=full,SAFE (z=invalid),0,0,0,0.0000,-1.00,-1.00,-1.00,-1.00
2026-04-21T15:34:22.595,1776774862.595586,angles_and_walking,normal,moving,,recording_02,-1.0000,0,0,0,detected=False | in_zone=False | depth_valid=False | z=invalid | valid=0/0 | roi_mode=full,SAFE (z=invalid),0,0,0,0.0000,-1.00,-1.00,-1.00,-1.00
2026-04-21T15:34:22.700,1776774862.700550,angles_and_walking,normal,moving,,recording_02,-1.0000,0,0,0,detected=False | in_zone=False | depth_valid=False | z=invalid | valid=0/0 | roi_mode=full,SAFE (z=invalid),0,0,0,0.0000,-1.00,-1.00,-1.00,-1.00
2026-04-21T15:34:22.790,1776774862.790597,angles_and_walking,normal,moving,,recording_02,-1.0000,0,0,0,detected=False | in_zone=False | depth_valid=False | z=invalid | valid=0/0 | roi_mode=full,SAFE (z=invalid),0,0,0,0.0000,-1.00,-1.00,-1.00,-1.00
2026-04-21T15:34:22.889,1776774862.889109,angles_and_walking,normal,moving,,recording_02,-1.0000,0,0,0,detected=False | in_zone=False | depth_valid=False | z=invalid | valid=0/0 | roi_mode=full,SAFE (z=invalid),0,0,0,0.0000,-1.00,-1.00,-1.00,-1.00
2026-04-21T15:34:22.989,1776774862.989599,angles_and_walking,normal,moving,,recording_02,-1.0000,0,0,0,detected=False | in_zone=False | depth_valid=False | z=invalid | valid=0/0 | roi_mode=full,SAFE (z=invalid),0,0,0,0.0000,-1.00,-1.00,-1.00,-1.00
2026-04-21T15:34:23.091,1776774863.091182,angles_and_walking,normal,moving,,recording_02,-1.0000,0,0,0,detected=False | in_zone=False | depth_valid=False | z=invalid | valid=0/0 | roi_mode=full,SAFE (z=invalid),0,0,0,0.0000,-1.00,-1.00,-1.00,-1.00
2026-04-21T15:34:23.189,1776774863.189254,angles_and_walking,normal,moving,,recording_02,-1.0000,0,0,0,detected=False | in_zone=False | depth_valid=False | z=invalid | valid=0/0 | roi_mode=full,SAFE (z=invalid),0,0,0,0.0000,-1.00,-1.00,-1.00,-1.00
2026-04-21T15:34:23.289,1776774863.289747,angles_and_walking,normal,moving,,recording_02,-1.0000,0,0,0,detected=False | in_zone=False | depth_valid=False | z=invalid | valid=0/0 | roi_mode=full,SAFE (z=invalid),0,0,0,0.0000,-1.00,-1.00,-1.00,-1.00
2026-04-21T15:34:23.390,1776774863.390694,angles_and_walking,normal,moving,,recording_02,-1.0000,0,0,0,detected=False | in_zone=False | depth_valid=False | z=invalid | valid=0/0 | roi_mode=full,SAFE (z=invalid),0,0,0,0.0000,-1.00,-1.00,-1.00,-1.00
2026-04-21T15:34:23.491,1776774863.491475,angles_and_walking,normal,moving,,recording_02,-1.0000,0,0,0,detected=False | in_zone=False | depth_valid=False | z=invalid | valid=0/0 | roi_mode=full,SAFE (z=invalid),0,0,0,0.0000,-1.00,-1.00,-1.00,-1.00
2026-04-21T15:34:23.592,1776774863.592330,angles_and_walking,normal,moving,,recording_02,-1.0000,0,0,0,detected=False | in_zone=False | depth_valid=False | z=invalid | valid=0/0 | roi_mode=full,SAFE (z=invalid),0,0,0,0.0000,-1.00,-1.00,-1.00,-1.00
2026-04-21T15:34:23.691,1776774863.691645,angles_and_walking,normal,moving,,recording_02,-1.0000,0,0,0,detected=False | in_zone=False | depth_valid=False | z=invalid | valid=0/0 | roi_mode=full,SAFE (z=invalid),0,0,0,0.0000,-1.00,-1.00,-1.00,-1.00
2026-04-21T15:34:23.789,1776774863.789207,angles_and_walking,normal,moving,,recording_02,-1.0000,0,0,0,detected=False | in_zone=False | depth_valid=False | z=invalid | valid=0/0 | roi_mode=full,SAFE (z=invalid),0,0,0,0.0000,-1.00,-1.00,-1.00,-1.00
2026-04-21T15:34:23.890,1776774863.890174,angles_and_walking,normal,moving,,recording_02,-1.0000,0,0,0,detected=False | in_zone=False | depth_valid=False | z=invalid | valid=0/0 | roi_mode=full,SAFE (z=invalid),0,0,0,0.0000,-1.00,-1.00,-1.00,-1.00
2026-04-21T15:34:23.989,1776774863.989157,angles_and_walking,normal,moving,,recording_02,-1.0000,0,0,0,detected=False | in_zone=False | depth_valid=False | z=invalid | valid=0/0 | roi_mode=full,SAFE (z=invalid),0,0,0,0.0000,-1.00,-1.00,-1.00,-1.00
2026-04-21T15:34:24.092,1776774864.092438,angles_and_walking,normal,moving,,recording_02,-1.0000,0,0,0,detected=False | in_zone=False | depth_valid=False | z=invalid | valid=0/0 | roi_mode=full,SAFE (z=invalid),0,0,0,0.0000,-1.00,-1.00,-1.00,-1.00
2026-04-21T15:34:24.193,1776774864.193044,angles_and_walking,normal,moving,,recording_02,-1.0000,0,0,0,detected=False | in_zone=False | depth_valid=False | z=invalid | valid=0/0 | roi_mode=full,SAFE (z=invalid),0,0,0,0.0000,-1.00,-1.00,-1.00,-1.00
2026-04-21T15:34:24.289,1776774864.289404,angles_and_walking,normal,moving,,recording_02,-1.0000,0,0,0,detected=False | in_zone=False | depth_valid=False | z=invalid | valid=0/0 | roi_mode=full,SAFE (z=invalid),0,0,0,0.0000,-1.00,-1.00,-1.00,-1.00
2026-04-21T15:34:24.389,1776774864.389912,angles_and_walking,normal,moving,,recording_02,-1.0000,0,0,0,detected=False | in_zone=False | depth_valid=False | z=invalid | valid=0/0 | roi_mode=full,SAFE (z=invalid),0,0,0,0.0000,-1.00,-1.00,-1.00,-1.00
2026-04-21T15:34:24.489,1776774864.489935,angles_and_walking,normal,moving,,recording_02,-1.0000,0,0,0,detected=False | in_zone=False | depth_valid=False | z=invalid | valid=0/0 | roi_mode=full,SAFE (z=invalid),0,0,0,0.0000,-1.00,-1.00,-1.00,-1.00
2026-04-21T15:34:24.592,1776774864.592709,angles_and_walking,normal,moving,,recording_02,-1.0000,0,0,0,detected=False | in_zone=False | depth_valid=False | z=invalid | valid=0/0 | roi_mode=full,SAFE (z=invalid),0,0,0,0.0000,-1.00,-1.00,-1.00,-1.00
2026-04-21T15:34:24.693,1776774864.690291,angles_and_walking,normal,moving,,recording_02,-1.0000,0,0,0,detected=False | in_zone=False | depth_valid=False | z=invalid | valid=0/0 | roi_mode=full,SAFE (z=invalid),0,0,0,0.0000,-1.00,-1.00,-1.00,-1.00
2026-04-21T15:34:24.793,1776774864.793925,angles_and_walking,normal,moving,,recording_02,-1.0000,0,0,0,detected=False | in_zone=False | depth_valid=False | z=invalid | valid=0/0 | roi_mode=full,SAFE (z=invalid),0,0,0,0.0000,-1.00,-1.00,-1.00,-1.00
2026-04-21T15:34:24.889,1776774864.889955,angles_and_walking,normal,moving,,recording_02,-1.0000,0,0,0,detected=False | in_zone=False | depth_valid=False | z=invalid | valid=0/0 | roi_mode=full,SAFE (z=invalid),0,0,0,0.0000,-1.00,-1.00,-1.00,-1.00
2026-04-21T15:34:24.989,1776774864.989141,angles_and_walking,normal,moving,,recording_02,-1.0000,0,0,0,detected=False | in_zone=False | depth_valid=False | z=invalid | valid=0/0 | roi_mode=full,SAFE (z=invalid),0,0,0,0.0000,-1.00,-1.00,-1.00,-1.00
2026-04-21T15:34:25.089,1776774865.089179,angles_and_walking,normal,moving,,recording_02,-1.0000,0,0,0,detected=False | in_zone=False | depth_valid=False | z=invalid | valid=0/0 | roi_mode=full,SAFE (z=invalid),0,0,0,0.0000,-1.00,-1.00,-1.00,-1.00
2026-04-21T15:34:25.190,1776774865.190741,angles_and_walking,normal,moving,,recording_02,-1.0000,0,0,0,detected=False | in_zone=False | depth_valid=False | z=invalid | valid=0/0 | roi_mode=full,SAFE (z=invalid),0,0,0,0.0000,-1.00,-1.00,-1.00,-1.00
2026-04-21T15:34:25.289,1776774865.289237,angles_and_walking,normal,moving,,recording_02,-1.0000,0,0,0,detected=False | in_zone=False | depth_valid=False | z=invalid | valid=0/0 | roi_mode=full,SAFE (z=invalid),0,0,0,0.0000,-1.00,-1.00,-1.00,-1.00
2026-04-21T15:34:25.391,1776774865.391854,angles_and_walking,normal,moving,,recording_02,-1.0000,0,0,0,detected=False | in_zone=False | depth_valid=False | z=invalid | valid=0/0 | roi_mode=full,SAFE (z=invalid),0,0,0,0.0000,-1.00,-1.00,-1.00,-1.00
2026-04-21T15:34:25.493,1776774865.493965,angles_and_walking,normal,moving,,recording_02,-1.0000,0,0,0,detected=False | in_zone=False | depth_valid=False | z=invalid | valid=0/0 | roi_mode=full,SAFE (z=invalid),0,0,0,0.0000,-1.00,-1.00,-1.00,-1.00
2026-04-21T15:34:25.589,1776774865.589484,angles_and_walking,normal,moving,,recording_02,-1.0000,0,0,0,detected=False | in_zone=False | depth_valid=False | z=invalid | valid=0/0 | roi_mode=full,SAFE (z=invalid),0,0,0,0.0000,-1.00,-1.00,-1.00,-1.00
2026-04-21T15:34:25.689,1776774865.689227,angles_and_walking,normal,moving,,recording_02,-1.0000,0,0,0,detected=False | in_zone=False | depth_valid=False | z=invalid | valid=0/0 | roi_mode=full,SAFE (z=invalid),0,0,0,0.0000,-1.00,-1.00,-1.00,-1.00
2026-04-21T15:34:25.791,1776774865.791274,angles_and_walking,normal,moving,,recording_02,-1.0000,0,0,0,detected=False | in_zone=False | depth_valid=False | z=invalid | valid=0/0 | roi_mode=full,SAFE (z=invalid),0,0,0,0.0000,-1.00,-1.00,-1.00,-1.00
2026-04-21T15:34:25.895,1776774865.891726,angles_and_walking,normal,moving,,recording_02,-1.0000,0,0,0,detected=False | in_zone=False | depth_valid=False | z=invalid | valid=0/0 | roi_mode=full,SAFE (z=invalid),0,0,0,0.0000,-1.00,-1.00,-1.00,-1.00
2026-04-21T15:34:25.989,1776774865.989121,angles_and_walking,normal,moving,,recording_02,-1.0000,0,0,0,detected=False | in_zone=False | depth_valid=False | z=invalid | valid=0/0 | roi_mode=full,SAFE (z=invalid),0,0,0,0.0000,-1.00,-1.00,-1.00,-1.00
2026-04-21T15:34:26.091,1776774866.091334,angles_and_walking,normal,moving,,recording_02,-1.0000,0,0,0,detected=False | in_zone=False | depth_valid=False | z=invalid | valid=0/0 | roi_mode=full,SAFE (z=invalid),0,0,0,0.0000,-1.00,-1.00,-1.00,-1.00
2026-04-21T15:34:26.191,1776774866.191497,angles_and_walking,normal,moving,,recording_02,-1.0000,0,0,0,detected=False | in_zone=False | depth_valid=False | z=invalid | valid=0/0 | roi_mode=full,SAFE (z=invalid),0,0,0,0.0000,-1.00,-1.00,-1.00,-1.00
2026-04-21T15:34:26.289,1776774866.289040,angles_and_walking,normal,moving,,recording_02,-1.0000,0,0,0,detected=False | in_zone=False | depth_valid=False | z=invalid | valid=0/0 | roi_mode=full,SAFE (z=invalid),0,0,0,0.0000,-1.00,-1.00,-1.00,-1.00
2026-04-21T15:34:26.389,1776774866.389201,angles_and_walking,normal,moving,,recording_02,-1.0000,0,0,0,detected=False | in_zone=False | depth_valid=False | z=invalid | valid=0/0 | roi_mode=full,SAFE (z=invalid),0,0,0,0.0000,-1.00,-1.00,-1.00,-1.00
2026-04-21T15:34:26.489,1776774866.489300,angles_and_walking,normal,moving,,recording_02,-1.0000,0,0,0,detected=False | in_zone=False | depth_valid=False | z=invalid | valid=0/0 | roi_mode=full,SAFE (z=invalid),0,0,0,0.0000,-1.00,-1.00,-1.00,-1.00
2026-04-21T15:34:26.591,1776774866.591535,angles_and_walking,normal,moving,,recording_02,-1.0000,0,0,0,detected=False | in_zone=False | depth_valid=False | z=invalid | valid=0/0 | roi_mode=full,SAFE (z=invalid),0,0,0,0.0000,-1.00,-1.00,-1.00,-1.00
